"SampleId","RelativePath","StoreType","Region","Style","Priority","Reason","Status"
"S01","各门店图纸\佛山创意产业园授权专卖店.pdf","授权专卖店","中国大陆","待确认","高","标准专卖店样本","待预览"
"S02","各门店图纸\上海万象城授权体验店（边厅）.pdf","授权体验店-边厅","中国大陆","待确认","高","边厅样本","待预览"
"S03","各门店图纸\上海星光摄影城照材专卖店.pdf","照材专卖店","中国大陆","待确认","高","照材店样本","待预览"
"S04","各门店图纸\上海七宝领展授权体验店.pdf","授权体验店","中国大陆","待确认","高","标准体验店样本","待预览"
"S05","各门店图纸\北京798创意园授权专卖店.pdf","授权专卖店","中国大陆","待确认","中","创意园场景样本","待预览"
"S06","各门店图纸\香港油尖旺柏丽大道街边店.pdf","街边店","香港","待确认","中","街边店样本","待预览"
"S07","各门店图纸\韩国galleria光教店-광교점.pdf","商场店","韩国","待确认","中","海外样本","待预览"
"S08","各门店图纸\新加坡Jewel中岛.pdf","中岛店","新加坡","待确认","中","中岛样本","待预览"
"S09","各门店图纸\菲律宾Festival mall 边厅.pdf","边厅","菲律宾","待确认","低","海外边厅样本","待预览"
"S10","各门店图纸\台湾三创生活（换址）.pdf","商场店-换址","台湾","待确认","低","换址样本","待预览"
