"类别","名称","PPT页码","宽度(mm)","深度(mm)","文件","备注"
"道具图片","1.8米中岛桌","1","","","01_道具图片PNG/1.8米中岛桌.png","原始PNG，保留原分辨率及透明通道；两页重复图片去重。"
"道具图片","1.8米开箱桌","1","","","01_道具图片PNG/1.8米开箱桌.png","原始PNG，保留原分辨率及透明通道；两页重复图片去重。"
"道具图片","1.8米收银桌(右)","1","","","01_道具图片PNG/1.8米收银桌(右).png","原始PNG，保留原分辨率及透明通道；两页重复图片去重。"
"道具图片","1.8米收银桌(左)","1","","","01_道具图片PNG/1.8米收银桌(左).png","原始PNG，保留原分辨率及透明通道；两页重复图片去重。"
"道具图片","1.2米配件柜","1","","","01_道具图片PNG/1.2米配件柜.png","原始PNG，保留原分辨率及透明通道；两页重复图片去重。"
"道具图片","1.6米配件柜","2","","","01_道具图片PNG/1.6米配件柜.png","原始PNG，保留原分辨率及透明通道；两页重复图片去重。"
"道具图片","2.4米配件柜(场景)","1","","","01_道具图片PNG/2.4米配件柜(场景).png","原始PNG，保留原分辨率及透明通道；两页重复图片去重。"
"道具图片","2.4米配件柜(AVBU)","1","","","01_道具图片PNG/2.4米配件柜(AVBU).png","原始PNG，保留原分辨率及透明通道；两页重复图片去重。"
"道具图片","字母凳","1","","","01_道具图片PNG/字母凳.png","原始PNG，保留原分辨率及透明通道；两页重复图片去重。"
"道具图片","1.2米徕卡墙","1","","","01_道具图片PNG/1.2米徕卡墙.png","原始PNG，保留原分辨率及透明通道；两页重复图片去重。"
"道具图片","1.99米徕卡墙","1","","","01_道具图片PNG/1.99米徕卡墙.png","原始PNG，保留原分辨率及透明通道；两页重复图片去重。"
"道具图片","1.8米开箱储物边柜","2","","","01_道具图片PNG/1.8米开箱储物边柜.png","原始PNG，保留原分辨率及透明通道；两页重复图片去重。"
"道具图片","1.8米储物边柜(带托盘)","2","","","01_道具图片PNG/1.8米储物边柜(带托盘).png","原始PNG，保留原分辨率及透明通道；两页重复图片去重。"
"道具图片","1.8米配件边柜(带托盘)","2","","","01_道具图片PNG/1.8米配件边柜(带托盘).png","原始PNG，保留原分辨率及透明通道；两页重复图片去重。"
"道具图片","1.8米配件边柜(不带托盘)","2","","","01_道具图片PNG/1.8米配件边柜(不带托盘).png","原始PNG，保留原分辨率及透明通道；两页重复图片去重。"
"道具图片","0.9米收银边柜","2","","","01_道具图片PNG/0.9米收银边柜.png","原始PNG，保留原分辨率及透明通道；两页重复图片去重。"
"道具图片","1.5米收银边柜","2","","","01_道具图片PNG/1.5米收银边柜.png","原始PNG，保留原分辨率及透明通道；两页重复图片去重。"
"道具图片","1.8米收银边柜","2","","","01_道具图片PNG/1.8米收银边柜.png","原始PNG，保留原分辨率及透明通道；两页重复图片去重。"
"道具图片","1.8米储物边柜(H1.3米)","2","","","01_道具图片PNG/1.8米储物边柜(H1.3米).png","原始PNG，保留原分辨率及透明通道；两页重复图片去重。"
"道具图片","1.8米储物边柜(H1.3米)-背面","2","","","01_道具图片PNG/1.8米储物边柜(H1.3米)-背面.png","原始PNG，保留原分辨率及透明通道；两页重复图片去重。"
"道具图片","1.8米配件边柜(H1.3米)","2","","","01_道具图片PNG/1.8米配件边柜(H1.3米).png","原始PNG，保留原分辨率及透明通道；两页重复图片去重。"
"道具图片","1.8米配件边柜(H1.3米)-背面","2","","","01_道具图片PNG/1.8米配件边柜(H1.3米)-背面.png","原始PNG，保留原分辨率及透明通道；两页重复图片去重。"
"道具图片","3.6米配件柜","1、2","","","01_道具图片PNG/3.6米配件柜.png","原图633×617，沿道具轮廓抠图，保留原始前景像素。"
"平面图","1.8米中岛桌","4","1800","800","02_平面图PNG/1.8米中岛桌平面图.png；03_平面图SVG/1.8米中岛桌平面图.svg","台面1800×800；托盘320×180；右侧托盘180×320；台下轮廓1500×500。小孔、标牌、支架和中央模块局部按图比例。"
"平面图","1.8米开箱桌","5","1800","800","02_平面图PNG/1.8米开箱桌平面图.png；03_平面图SVG/1.8米开箱桌平面图.svg","台面1800×800，R30；四块台垫600×280；中央盖板宽680，距底边332。盖板细节按图比例。"
"平面图","1.8米收银桌(右)","6","1800","600","02_平面图PNG/1.8米收银桌(右)平面图.png；03_平面图SVG/1.8米收银桌(右)平面图.svg","台面1800×600，R30；台垫750×400，R50；围挡宽750、深150；出线孔直径60。围挡厚度、分缝及孔位置参照图纸。"
"平面图","1.8米收银桌(左)","7","1800","600","02_平面图PNG/1.8米收银桌(左)平面图.png；03_平面图SVG/1.8米收银桌(左)平面图.svg","第6页对应左右镜像，按第7页平面图方向绘制。"
"平面图","1.2米配件柜","8","1200","450","02_平面图PNG/1.2米配件柜平面图.png；03_平面图SVG/1.2米配件柜平面图.svg","总宽1200，主体宽1180，总深450。边框及中部横向结构按平面图比例。"
"平面图","1.6米配件柜","9","1600","450","02_平面图PNG/1.6米配件柜平面图.png；03_平面图SVG/1.6米配件柜平面图.svg","总宽1600，主体宽1580，总深450。边框及中部横向结构按平面图比例。"
"平面图","2.4米配件柜(场景)","10","2400","450","02_平面图PNG/2.4米配件柜(场景)平面图.png；03_平面图SVG/2.4米配件柜(场景)平面图.svg","总宽2400，主体宽2380，总深450。中部横向结构及紧固点按平面图比例。"
"平面图","2.4米配件柜(AVBU)","11","2400","450","02_平面图PNG/2.4米配件柜(AVBU)平面图.png；03_平面图SVG/2.4米配件柜(AVBU)平面图.svg","总宽2400，主体宽2380，总深450。两款在原图中的平面轮廓一致。"
"平面图","3.6米配件柜","12","3600","450","02_平面图PNG/3.6米配件柜平面图.png；03_平面图SVG/3.6米配件柜平面图.svg","总宽3600，主体宽3580；主体深440加前沿10，总深450。"
"平面图","字母凳","13","450","450","02_平面图PNG/字母凳平面图.png；03_平面图SVG/字母凳平面图.svg","按左下角五金凳俯视图绘制450×450，侧边细缝按图比例。没有把立面内框误作俯视轮廓。"
"平面图","1.2米徕卡墙","14","1200","25","02_平面图PNG/1.2米徕卡墙平面图.png；03_平面图SVG/1.2米徕卡墙平面图.svg","根据总宽1200和厚25绘制俯视外包轮廓；本页原图为立面排布，不将立面画框内容投到俯视图。"
"平面图","1.99米徕卡墙","15","1990","25","02_平面图PNG/1.99米徕卡墙平面图.png；03_平面图SVG/1.99米徕卡墙平面图.svg","根据总宽1990和厚25绘制俯视外包轮廓。"
"平面图","3.0米徕卡墙","16","3000","25","02_平面图PNG/3.0米徕卡墙平面图.png；03_平面图SVG/3.0米徕卡墙平面图.svg","根据分段尺寸合计总宽3000和厚25绘制俯视外包轮廓。"
"平面图","1.8米开箱储物边柜","17","1800","500","02_平面图PNG/1.8米开箱储物边柜平面图.png；03_平面图SVG/1.8米开箱储物边柜平面图.svg","台面1800×500，前角R30；走线槽1400×20、距后沿35；台垫600×280，距前沿82.5。槽端及台垫圆角按图比例。"
"平面图","1.8米储物边柜(带托盘)","18","1800","500","02_平面图PNG/1.8米储物边柜(带托盘)平面图.png；03_平面图SVG/1.8米储物边柜(带托盘)平面图.svg","台面1800×500，前角R30；三托盘320×180，横向间隔210，前后留边160。小孔和标牌按图比例。"
"平面图","1.8米配件边柜(带托盘)","19","1800","500","02_平面图PNG/1.8米配件边柜(带托盘)平面图.png；03_平面图SVG/1.8米配件边柜(带托盘)平面图.svg","台面1800×500；上部布局同第18页。"
"平面图","1.8米配件边柜(不带托盘)","20","1800","500","02_平面图PNG/1.8米配件边柜(不带托盘)平面图.png；03_平面图SVG/1.8米配件边柜(不带托盘)平面图.svg","台面1800×500，前角R30；出线孔直径60，孔位置按图比例。"
"平面图","试飞台","21","800","800","02_平面图PNG/试飞台平面图.png；03_平面图SVG/试飞台平面图.svg","外圆直径800，内圈直径480、460；H形装饰轮廓按图比例，保留为道具自身图案。"
"平面图","0.9米收银边柜","22","900","500","02_平面图PNG/0.9米收银边柜平面图.png；03_平面图SVG/0.9米收银边柜平面图.svg","台面900×500；台垫400×300，距左50、距后100；出线孔直径60。台垫圆角和孔位置按图比例。"
"平面图","1.5米收银边柜","23","1500","500","02_平面图PNG/1.5米收银边柜平面图.png；03_平面图SVG/1.5米收银边柜平面图.svg","台面1500×500；台垫750×400，R50，距左100、距后50；出线孔直径60，孔位置按图比例。"
"平面图","1.8米收银边柜","24","1800","500","02_平面图PNG/1.8米收银边柜平面图.png；03_平面图SVG/1.8米收银边柜平面图.svg","台面1800×500；台垫750×400，R50，距左100、距后50；出线孔直径60，孔位置按图比例。"
"平面图","1.8米储物边柜(H1.3米)","25","1800","650","02_平面图PNG/1.8米储物边柜(H1.3米)平面图.png；03_平面图SVG/1.8米储物边柜(H1.3米)平面图.svg","台面1800×650，前角R30；俯视图未标其他可见结构。"
"平面图","1.8米配件边柜(H1.3米)","26","1800","650","02_平面图PNG/1.8米配件边柜(H1.3米)平面图.png；03_平面图SVG/1.8米配件边柜(H1.3米)平面图.svg","台面1800×650，前角R30；俯视图未标其他可见结构。"