编号,品类,对应程度,标准名称,变体
asset-15903179,3.6米配件柜,同款,3.6米配件柜,陈列变体A
asset-15903874,字母凳,同款,字母凳,4件组合
asset-16469753,1.8米开箱桌,同款,1.8米普通开箱桌,含4把黑色高脚凳
asset-16510684,试飞台,同款,试飞台,直径800_H921变体
asset-1788391,1.8米开箱桌,同款,1800mm普通开箱桌,含4把白色高脚凳
asset-24312623,1.8米中岛桌,同款,1.8米普通中岛桌,产品陈列A
asset-24432224,1.8米收银桌(左),同款,1.8米收银桌(左),带电脑
asset-24482600,1.2米配件柜,同款,1.2米配件柜,无人机画面变体
asset-24488377,1.8米收银台,同款,收银台,白色圆角_约1942mm变体
asset-2587726,电子水牌,同款,电子水牌,43寸_H1650
asset-2595882,1.2米配件柜,同款,1200mm配件柜,浅灰款
asset-28192911,1.8米配件边柜(H1.3米),同款,1.8米配件边柜(H1.3米),背面品牌字
asset-323015,1.6米配件柜,同款,1600mm配件柜,浅灰款
asset-33660153,1.8米配件边柜(带托盘),同款,1.8米配件边柜(带托盘),产品陈列款
asset-33819654,1.8米收银边柜,同款,1.8米收银边柜,单操作垫_未配电脑
asset-34276510,1.8米中岛桌,同款,1.8米普通中岛桌,产品陈列B_旋转实例
asset-34320268,1.8米边桌+配件柜,同款,1800mm边桌配件柜,带托盘及背面画面
asset-34327615,1.2米配件柜,同款,1.2米配件柜,骑行画面款
asset-36857093,3.6米配件柜,同款,3.6米配件柜,场景与AVBU陈列B
asset-36887885,2.4米配件柜(AVBU),同款,2.4米配件柜(AVBU),带原模型顶部标签
asset-36890994,2.4米配件柜(场景),同款,2.4米配件柜(场景),带原模型顶部标签
asset-36929122,2.4米配件柜(AVBU),同类参考,2.4米配件柜(AVBU+影石Insta360),混合陈列_带原标签
asset-36929204,1.99米徕卡墙,同类参考,徕卡墙画面与标识组合,1.99米及1.2米_不含背墙
asset-408124,1.8米中岛桌,同款,1800mm普通中岛桌,产品陈列A
asset-408125,1.8米中岛桌,同款,1800mm普通中岛桌,产品陈列B
asset-41053706,1.8米中岛桌,同类参考,1.8米亮脚中岛桌,带产品托盘
asset-41277543,1.8米开箱桌,同类参考,1.8米亮脚开箱桌,含4把黑色高脚凳
asset-569180,培训坐凳,同款,培训坐凳,4件组合_白色空心款_H350变体
asset-666964,1.8米储物柜+开箱桌,同款,1800mm开箱储物柜,含2把白色高脚凳
asset-6799167,2.4米配件柜(场景),同款,2.4米配件柜(场景),陈列变体A
asset-752992,1.8米边桌+储物柜,同款,1800mm边桌储物柜,带托盘及背面画面
asset-958185,电子水牌,同款,电子水牌,43寸_H1650_旋转实例
