大类,SI,编号,标准名称,变体,品类,目录,SU文件,网页模型,效果图,效果图对应,平面图SVG,平面图例,尺寸XYZ毫米
软装道具,SI1.0,asset-2595882,1200mm配件柜,浅灰款,1.2米配件柜,软装道具/SI1.0/1200mm配件柜_浅灰款__asset-2595882,软装道具/SI1.0/1200mm配件柜_浅灰款__asset-2595882/SI1.0_1200mm配件柜_浅灰款__asset-2595882.skp,有,软装道具/SI1.0/品类图库/01_道具图片PNG/1.2米配件柜.png,同款,软装道具/SI1.0/品类图库/03_平面图SVG/1.2米配件柜平面图.svg,软装道具/SI1.0/1200mm配件柜_浅灰款__asset-2595882/平面图例.png,1200×450×2400
软装道具,SI1.0,asset-323015,1600mm配件柜,浅灰款,1.6米配件柜,软装道具/SI1.0/1600mm配件柜_浅灰款__asset-323015,软装道具/SI1.0/1600mm配件柜_浅灰款__asset-323015/SI1.0_1600mm配件柜_浅灰款__asset-323015.skp,有,软装道具/SI1.0/品类图库/01_道具图片PNG/1.6米配件柜.png,同款,软装道具/SI1.0/品类图库/03_平面图SVG/1.6米配件柜平面图.svg,软装道具/SI1.0/1600mm配件柜_浅灰款__asset-323015/平面图例.png,1600×450×2400
软装道具,SI1.0,asset-752992,1800mm边桌储物柜,带托盘及背面画面,1.8米边桌+储物柜,软装道具/SI1.0/1800mm边桌储物柜_带托盘及背面画面__asset-752992,软装道具/SI1.0/1800mm边桌储物柜_带托盘及背面画面__asset-752992/SI1.0_1800mm边桌储物柜_带托盘及背面画面__asset-752992.skp,有,软装道具/SI1.0/品类图库/01_道具图片PNG/1.8米边桌+储物柜.png,同款,软装道具/SI1.0/品类图库/03_平面图SVG/1.8米边桌+储物柜平面图.svg,软装道具/SI1.0/1800mm边桌储物柜_带托盘及背面画面__asset-752992/平面图例.png,500×1800×1213.67
软装道具,SI1.0,asset-34320268,1800mm边桌配件柜,带托盘及背面画面,1.8米边桌+配件柜,软装道具/SI1.0/1800mm边桌配件柜_带托盘及背面画面__asset-34320268,软装道具/SI1.0/1800mm边桌配件柜_带托盘及背面画面__asset-34320268/SI1.0_1800mm边桌配件柜_带托盘及背面画面__asset-34320268.skp,有,软装道具/SI1.0/品类图库/01_道具图片PNG/1.8米边桌+配件柜.png,同款,软装道具/SI1.0/品类图库/03_平面图SVG/1.8米边桌+配件柜平面图.svg,软装道具/SI1.0/1800mm边桌配件柜_带托盘及背面画面__asset-34320268/平面图例.png,500×1800×1213.67
软装道具,SI1.0,asset-666964,1800mm开箱储物柜,含2把白色高脚凳,1.8米储物柜+开箱桌,软装道具/SI1.0/1800mm开箱储物柜_含2把白色高脚凳__asset-666964,软装道具/SI1.0/1800mm开箱储物柜_含2把白色高脚凳__asset-666964/SI1.0_1800mm开箱储物柜_含2把白色高脚凳__asset-666964.skp,有,软装道具/SI1.0/品类图库/01_道具图片PNG/1.8米储物柜+开箱桌.png,同款,软装道具/SI1.0/品类图库/03_平面图SVG/1.8米储物柜+开箱桌平面图.svg,软装道具/SI1.0/1800mm开箱储物柜_含2把白色高脚凳__asset-666964/平面图例.png,1068.88×1800×902
软装道具,SI1.0,asset-1788391,1800mm普通开箱桌,含4把白色高脚凳,1.8米开箱桌,软装道具/SI1.0/1800mm普通开箱桌_含4把白色高脚凳__asset-1788391,软装道具/SI1.0/1800mm普通开箱桌_含4把白色高脚凳__asset-1788391/SI1.0_1800mm普通开箱桌_含4把白色高脚凳__asset-1788391.skp,有,软装道具/SI1.0/品类图库/01_道具图片PNG/1.8米开箱桌.png,同款,软装道具/SI1.0/品类图库/03_平面图SVG/1.8米开箱桌平面图.svg,软装道具/SI1.0/1800mm普通开箱桌_含4把白色高脚凳__asset-1788391/平面图例.png,1800×2199.4×907.5
软装道具,SI1.0,asset-408124,1800mm普通中岛桌,产品陈列A,1.8米中岛桌,软装道具/SI1.0/1800mm普通中岛桌_产品陈列A__asset-408124,软装道具/SI1.0/1800mm普通中岛桌_产品陈列A__asset-408124/SI1.0_1800mm普通中岛桌_产品陈列A__asset-408124.skp,有,软装道具/SI1.0/品类图库/01_道具图片PNG/1.8米中岛桌.png,同款,软装道具/SI1.0/品类图库/03_平面图SVG/1.8米中岛桌平面图.svg,软装道具/SI1.0/1800mm普通中岛桌_产品陈列A__asset-408124/平面图例.png,1000×1800×1326.89
软装道具,SI1.0,asset-408125,1800mm普通中岛桌,产品陈列B,1.8米中岛桌,软装道具/SI1.0/1800mm普通中岛桌_产品陈列B__asset-408125,软装道具/SI1.0/1800mm普通中岛桌_产品陈列B__asset-408125/SI1.0_1800mm普通中岛桌_产品陈列B__asset-408125.skp,有,软装道具/SI1.0/品类图库/01_道具图片PNG/1.8米中岛桌.png,同款,软装道具/SI1.0/品类图库/03_平面图SVG/1.8米中岛桌平面图.svg,软装道具/SI1.0/1800mm普通中岛桌_产品陈列B__asset-408125/平面图例.png,1000×1800×1232.1
软装道具,SI1.0,asset-2360478,边桌收银柜,1800mm变体_带电脑,,软装道具/SI1.0/边桌收银柜_1800mm变体_带电脑__asset-2360478,软装道具/SI1.0/边桌收银柜_1800mm变体_带电脑__asset-2360478/SI1.0_边桌收银柜_1800mm变体_带电脑__asset-2360478.skp,有,,,,软装道具/SI1.0/边桌收银柜_1800mm变体_带电脑__asset-2360478/平面图例.png,500×1800×1236.77
软装道具,SI1.0,asset-24498456,边桌收银柜,1800mm变体_带背面画面,,软装道具/SI1.0/边桌收银柜_1800mm变体_带背面画面__asset-24498456,软装道具/SI1.0/边桌收银柜_1800mm变体_带背面画面__asset-24498456/SI1.0_边桌收银柜_1800mm变体_带背面画面__asset-24498456.skp,有,,,,软装道具/SI1.0/边桌收银柜_1800mm变体_带背面画面__asset-24498456/平面图例.png,1800×500×1236.77
软装道具,SI1.0,asset-569180,培训坐凳,4件组合_白色空心款_H350变体,培训坐凳,软装道具/SI1.0/培训坐凳_4件组合_白色空心款_H350变体__asset-569180,软装道具/SI1.0/培训坐凳_4件组合_白色空心款_H350变体__asset-569180/SI1.0_培训坐凳_4件组合_白色空心款_H350变体__asset-569180.skp,有,软装道具/SI1.0/品类图库/01_道具图片PNG/培训坐凳.png,同款,软装道具/SI1.0/品类图库/03_平面图SVG/培训坐凳平面图.svg,软装道具/SI1.0/培训坐凳_4件组合_白色空心款_H350变体__asset-569180/平面图例.png,1250×1261×350
软装道具,SI1.0,asset-24488377,收银台,白色圆角_约1942mm变体,1.8米收银台,软装道具/SI1.0/收银台_白色圆角_约1942mm变体__asset-24488377,软装道具/SI1.0/收银台_白色圆角_约1942mm变体__asset-24488377/SI1.0_收银台_白色圆角_约1942mm变体__asset-24488377.skp,有,软装道具/SI1.0/品类图库/01_道具图片PNG/1.8米收银台.png,同款,软装道具/SI1.0/品类图库/03_平面图SVG/1.8米收银台平面图.svg,,1941.8×647.9×1204.54
软装道具,SI2.0,asset-24482600,1.2米配件柜,无人机画面变体,1.2米配件柜,软装道具/SI2.0/1.2米配件柜_无人机画面变体__asset-24482600,软装道具/SI2.0/1.2米配件柜_无人机画面变体__asset-24482600/SI2.0_1.2米配件柜_无人机画面变体__asset-24482600.skp,有,软装道具/SI2.0/品类图库/01_道具图片PNG/1.2米配件柜.png,同款,软装道具/SI2.0/品类图库/03_平面图SVG/1.2米配件柜平面图.svg,软装道具/SI2.0/1.2米配件柜_无人机画面变体__asset-24482600/平面图例.png,1201.51×543.37×2400
软装道具,SI2.0,asset-34327615,1.2米配件柜,骑行画面款,1.2米配件柜,软装道具/SI2.0/1.2米配件柜_骑行画面款__asset-34327615,软装道具/SI2.0/1.2米配件柜_骑行画面款__asset-34327615/SI2.0_1.2米配件柜_骑行画面款__asset-34327615.skp,有,软装道具/SI2.0/品类图库/01_道具图片PNG/1.2米配件柜.png,同款,软装道具/SI2.0/品类图库/03_平面图SVG/1.2米配件柜平面图.svg,软装道具/SI2.0/1.2米配件柜_骑行画面款__asset-34327615/平面图例.png,1200.02×540.13×2400
软装道具,SI2.0,asset-41277543,1.8米亮脚开箱桌,含4把黑色高脚凳,1.8米开箱桌,软装道具/SI2.0/1.8米亮脚开箱桌_含4把黑色高脚凳__asset-41277543,软装道具/SI2.0/1.8米亮脚开箱桌_含4把黑色高脚凳__asset-41277543/SI2.0_1.8米亮脚开箱桌_含4把黑色高脚凳__asset-41277543.skp,有,软装道具/SI2.0/品类图库/01_道具图片PNG/1.8米开箱桌.png,同类参考,软装道具/SI2.0/品类图库/03_平面图SVG/1.8米开箱桌平面图.svg,软装道具/SI2.0/1.8米亮脚开箱桌_含4把黑色高脚凳__asset-41277543/平面图例.png,1800×1629.99×900
软装道具,SI2.0,asset-41053706,1.8米亮脚中岛桌,带产品托盘,1.8米中岛桌,软装道具/SI2.0/1.8米亮脚中岛桌_带产品托盘__asset-41053706,软装道具/SI2.0/1.8米亮脚中岛桌_带产品托盘__asset-41053706/SI2.0_1.8米亮脚中岛桌_带产品托盘__asset-41053706.skp,有,软装道具/SI2.0/品类图库/01_道具图片PNG/1.8米中岛桌.png,同类参考,软装道具/SI2.0/品类图库/03_平面图SVG/1.8米中岛桌平面图.svg,软装道具/SI2.0/1.8米亮脚中岛桌_带产品托盘__asset-41053706/平面图例.png,804×1800×1164.23
软装道具,SI2.0,asset-33660153,1.8米配件边柜(带托盘),产品陈列款,1.8米配件边柜(带托盘),软装道具/SI2.0/1.8米配件边柜(带托盘)_产品陈列款__asset-33660153,软装道具/SI2.0/1.8米配件边柜(带托盘)_产品陈列款__asset-33660153/SI2.0_1.8米配件边柜(带托盘)_产品陈列款__asset-33660153.skp,有,软装道具/SI2.0/品类图库/01_道具图片PNG/1.8米配件边柜(带托盘).png,同款,软装道具/SI2.0/品类图库/03_平面图SVG/1.8米配件边柜(带托盘)平面图.svg,软装道具/SI2.0/1.8米配件边柜(带托盘)_产品陈列款__asset-33660153/平面图例.png,1800×531.3×1214.39
软装道具,SI2.0,asset-28192911,1.8米配件边柜(H1.3米),背面品牌字,1.8米配件边柜(H1.3米),软装道具/SI2.0/1.8米配件边柜(H1.3米)_背面品牌字__asset-28192911,软装道具/SI2.0/1.8米配件边柜(H1.3米)_背面品牌字__asset-28192911/SI2.0_1.8米配件边柜(H1.3米)_背面品牌字__asset-28192911.skp,有,软装道具/SI2.0/品类图库/01_道具图片PNG/1.8米配件边柜(H1.3米).png,同款,软装道具/SI2.0/品类图库/03_平面图SVG/1.8米配件边柜(H1.3米)平面图.svg,,1800×721.3×1300
软装道具,SI2.0,asset-16469753,1.8米普通开箱桌,含4把黑色高脚凳,1.8米开箱桌,软装道具/SI2.0/1.8米普通开箱桌_含4把黑色高脚凳__asset-16469753,软装道具/SI2.0/1.8米普通开箱桌_含4把黑色高脚凳__asset-16469753/SI2.0_1.8米普通开箱桌_含4把黑色高脚凳__asset-16469753.skp,有,软装道具/SI2.0/品类图库/01_道具图片PNG/1.8米开箱桌.png,同款,软装道具/SI2.0/品类图库/03_平面图SVG/1.8米开箱桌平面图.svg,软装道具/SI2.0/1.8米普通开箱桌_含4把黑色高脚凳__asset-16469753/平面图例.png,1800×1629.99×902
软装道具,SI2.0,asset-24312623,1.8米普通中岛桌,产品陈列A,1.8米中岛桌,软装道具/SI2.0/1.8米普通中岛桌_产品陈列A__asset-24312623,软装道具/SI2.0/1.8米普通中岛桌_产品陈列A__asset-24312623/SI2.0_1.8米普通中岛桌_产品陈列A__asset-24312623.skp,有,软装道具/SI2.0/品类图库/01_道具图片PNG/1.8米中岛桌.png,同款,软装道具/SI2.0/品类图库/03_平面图SVG/1.8米中岛桌平面图.svg,软装道具/SI2.0/1.8米普通中岛桌_产品陈列A__asset-24312623/平面图例.png,1800×804×1214.39
软装道具,SI2.0,asset-34276510,1.8米普通中岛桌,产品陈列B_旋转实例,1.8米中岛桌,软装道具/SI2.0/1.8米普通中岛桌_产品陈列B_旋转实例__asset-34276510,软装道具/SI2.0/1.8米普通中岛桌_产品陈列B_旋转实例__asset-34276510/SI2.0_1.8米普通中岛桌_产品陈列B_旋转实例__asset-34276510.skp,有,软装道具/SI2.0/品类图库/01_道具图片PNG/1.8米中岛桌.png,同款,软装道具/SI2.0/品类图库/03_平面图SVG/1.8米中岛桌平面图.svg,软装道具/SI2.0/1.8米普通中岛桌_产品陈列B_旋转实例__asset-34276510/平面图例.png,800×1800.75×1214.39
软装道具,SI2.0,asset-33819654,1.8米收银边柜,单操作垫_未配电脑,1.8米收银边柜,软装道具/SI2.0/1.8米收银边柜_单操作垫_未配电脑__asset-33819654,软装道具/SI2.0/1.8米收银边柜_单操作垫_未配电脑__asset-33819654/SI2.0_1.8米收银边柜_单操作垫_未配电脑__asset-33819654.skp,有,软装道具/SI2.0/品类图库/01_道具图片PNG/1.8米收银边柜.png,同款,软装道具/SI2.0/品类图库/03_平面图SVG/1.8米收银边柜平面图.svg,软装道具/SI2.0/1.8米收银边柜_单操作垫_未配电脑__asset-33819654/平面图例.png,1800×502.14×903
软装道具,SI2.0,asset-24432224,1.8米收银桌(左),带电脑,1.8米收银桌(左),软装道具/SI2.0/1.8米收银桌(左)_带电脑__asset-24432224,软装道具/SI2.0/1.8米收银桌(左)_带电脑__asset-24432224/SI2.0_1.8米收银桌(左)_带电脑__asset-24432224.skp,有,软装道具/SI2.0/品类图库/01_道具图片PNG/1.8米收银桌(左).png,同款,软装道具/SI2.0/品类图库/03_平面图SVG/1.8米收银桌(左)平面图.svg,软装道具/SI2.0/1.8米收银桌(左)_带电脑__asset-24432224/平面图例.png,1800×603.49×1204.54
软装道具,SI2.0,asset-36890994,2.4米配件柜(场景),带原模型顶部标签,2.4米配件柜(场景),软装道具/SI2.0/2.4米配件柜(场景)_带原模型顶部标签__asset-36890994,软装道具/SI2.0/2.4米配件柜(场景)_带原模型顶部标签__asset-36890994/SI2.0_2.4米配件柜(场景)_带原模型顶部标签__asset-36890994.skp,有,软装道具/SI2.0/品类图库/01_道具图片PNG/2.4米配件柜(场景).png,同款,软装道具/SI2.0/品类图库/03_平面图SVG/2.4米配件柜(场景)平面图.svg,软装道具/SI2.0/2.4米配件柜(场景)_带原模型顶部标签__asset-36890994/平面图例.png,2400.02×540.13×2425
软装道具,SI2.0,asset-6799167,2.4米配件柜(场景),陈列变体A,2.4米配件柜(场景),软装道具/SI2.0/2.4米配件柜(场景)_陈列变体A__asset-6799167,软装道具/SI2.0/2.4米配件柜(场景)_陈列变体A__asset-6799167/SI2.0_2.4米配件柜(场景)_陈列变体A__asset-6799167.skp,有,软装道具/SI2.0/品类图库/01_道具图片PNG/2.4米配件柜(场景).png,同款,软装道具/SI2.0/品类图库/03_平面图SVG/2.4米配件柜(场景)平面图.svg,软装道具/SI2.0/2.4米配件柜(场景)_陈列变体A__asset-6799167/平面图例.png,2400×540×2400
软装道具,SI2.0,asset-36887885,2.4米配件柜(AVBU),带原模型顶部标签,2.4米配件柜(AVBU),软装道具/SI2.0/2.4米配件柜(AVBU)_带原模型顶部标签__asset-36887885,软装道具/SI2.0/2.4米配件柜(AVBU)_带原模型顶部标签__asset-36887885/SI2.0_2.4米配件柜(AVBU)_带原模型顶部标签__asset-36887885.skp,有,软装道具/SI2.0/品类图库/01_道具图片PNG/2.4米配件柜(AVBU).png,同款,软装道具/SI2.0/品类图库/03_平面图SVG/2.4米配件柜(AVBU)平面图.svg,软装道具/SI2.0/2.4米配件柜(AVBU)_带原模型顶部标签__asset-36887885/平面图例.png,2400.02×550.08×2425
软装道具,SI2.0,asset-36929122,2.4米配件柜(AVBU+影石Insta360),混合陈列_带原标签,2.4米配件柜(AVBU),软装道具/SI2.0/2.4米配件柜(AVBU+影石Insta360)_混合陈列_带原标签__asset-36929122,软装道具/SI2.0/2.4米配件柜(AVBU+影石Insta360)_混合陈列_带原标签__asset-36929122/SI2.0_2.4米配件柜(AVBU+影石Insta360)_混合陈列_带原标签__asset-36929122.skp,有,软装道具/SI2.0/品类图库/01_道具图片PNG/2.4米配件柜(AVBU).png,同类参考,软装道具/SI2.0/品类图库/03_平面图SVG/2.4米配件柜(AVBU)平面图.svg,软装道具/SI2.0/2.4米配件柜(AVBU+影石Insta360)_混合陈列_带原标签__asset-36929122/平面图例.png,2400.02×550.08×2418.5
软装道具,SI2.0,asset-15903179,3.6米配件柜,陈列变体A,3.6米配件柜,软装道具/SI2.0/3.6米配件柜_陈列变体A__asset-15903179,软装道具/SI2.0/3.6米配件柜_陈列变体A__asset-15903179/SI2.0_3.6米配件柜_陈列变体A__asset-15903179.skp,有,软装道具/SI2.0/品类图库/01_道具图片PNG/3.6米配件柜.png,同款,软装道具/SI2.0/品类图库/03_平面图SVG/3.6米配件柜平面图.svg,软装道具/SI2.0/3.6米配件柜_陈列变体A__asset-15903179/平面图例.png,3600×440×2400
软装道具,SI2.0,asset-36857093,3.6米配件柜,场景与AVBU陈列B,3.6米配件柜,软装道具/SI2.0/3.6米配件柜_场景与AVBU陈列B__asset-36857093,软装道具/SI2.0/3.6米配件柜_场景与AVBU陈列B__asset-36857093/SI2.0_3.6米配件柜_场景与AVBU陈列B__asset-36857093.skp,有,软装道具/SI2.0/品类图库/01_道具图片PNG/3.6米配件柜.png,同款,软装道具/SI2.0/品类图库/03_平面图SVG/3.6米配件柜平面图.svg,软装道具/SI2.0/3.6米配件柜_场景与AVBU陈列B__asset-36857093/平面图例.png,3600.02×550.08×2400
软装道具,SI2.0,asset-36882381,产品展示台,600mm方台_空台_非标延展,,软装道具/SI2.0/产品展示台_600mm方台_空台_非标延展__asset-36882381,软装道具/SI2.0/产品展示台_600mm方台_空台_非标延展__asset-36882381/SI2.0_产品展示台_600mm方台_空台_非标延展__asset-36882381.skp,有,,,,,600×600×900
软装道具,SI2.0,asset-37747691,产品展示台,600mm方台_ANTIGRAVITY_非标延展,,软装道具/SI2.0/产品展示台_600mm方台_ANTIGRAVITY_非标延展__asset-37747691,软装道具/SI2.0/产品展示台_600mm方台_ANTIGRAVITY_非标延展__asset-37747691/SI2.0_产品展示台_600mm方台_ANTIGRAVITY_非标延展__asset-37747691.skp,有,,,,,600×602.85×1162.53
软装道具,SI2.0,asset-37747692,产品展示台,600mm方台_X5_非标延展,,软装道具/SI2.0/产品展示台_600mm方台_X5_非标延展__asset-37747692,软装道具/SI2.0/产品展示台_600mm方台_X5_非标延展__asset-37747692/SI2.0_产品展示台_600mm方台_X5_非标延展__asset-37747692.skp,有,,,,,600×600.75×1279.87
软装道具,SI2.0,asset-37747693,产品展示台,600mm方台_GOULTRA_非标延展,,软装道具/SI2.0/产品展示台_600mm方台_GOULTRA_非标延展__asset-37747693,软装道具/SI2.0/产品展示台_600mm方台_GOULTRA_非标延展__asset-37747693/SI2.0_产品展示台_600mm方台_GOULTRA_非标延展__asset-37747693.skp,有,,,,,600×600.75×1157.4
软装道具,SI2.0,asset-36929204,徕卡墙画面与标识组合,1.99米及1.2米_不含背墙,1.99米徕卡墙,软装道具/SI2.0/徕卡墙画面与标识组合_1.99米及1.2米_不含背墙__asset-36929204,软装道具/SI2.0/徕卡墙画面与标识组合_1.99米及1.2米_不含背墙__asset-36929204/SI2.0_徕卡墙画面与标识组合_1.99米及1.2米_不含背墙__asset-36929204.skp,有,软装道具/SI2.0/品类图库/01_道具图片PNG/1.99米徕卡墙.png,同类参考,软装道具/SI2.0/品类图库/03_平面图SVG/1.99米徕卡墙平面图.svg,软装道具/SI2.0/徕卡墙画面与标识组合_1.99米及1.2米_不含背墙__asset-36929204/平面图例.png,3489.38×16.42×1508.13
软装道具,SI2.0,asset-16510684,试飞台,直径800_H921变体,试飞台,软装道具/SI2.0/试飞台_直径800_H921变体__asset-16510684,软装道具/SI2.0/试飞台_直径800_H921变体__asset-16510684/SI2.0_试飞台_直径800_H921变体__asset-16510684.skp,有,,,软装道具/SI2.0/品类图库/03_平面图SVG/试飞台平面图.svg,软装道具/SI2.0/试飞台_直径800_H921变体__asset-16510684/平面图例.png,799.95×798.93×921
软装道具,SI2.0,asset-15903874,字母凳,4件组合,字母凳,软装道具/SI2.0/字母凳_4件组合__asset-15903874,软装道具/SI2.0/字母凳_4件组合__asset-15903874/SI2.0_字母凳_4件组合__asset-15903874.skp,有,软装道具/SI2.0/品类图库/01_道具图片PNG/字母凳.png,同款,软装道具/SI2.0/品类图库/03_平面图SVG/字母凳平面图.svg,软装道具/SI2.0/字母凳_4件组合__asset-15903874/平面图例.png,1300.85×1100.4×450
信息化物料,,asset-2587726,电子水牌,43寸_H1650,电子水牌,信息化物料/电子水牌_43寸_H1650__asset-2587726,信息化物料/电子水牌_43寸_H1650__asset-2587726/通用_电子水牌_43寸_H1650__asset-2587726.skp,,信息化物料/品类图库/01_道具图片PNG/电子水牌.png,同款,信息化物料/品类图库/03_平面图SVG/电子水牌平面图.svg,信息化物料/电子水牌_43寸_H1650__asset-2587726/平面图例.png,550×350×1650
信息化物料,,asset-958185,电子水牌,43寸_H1650_旋转实例,电子水牌,信息化物料/电子水牌_43寸_H1650_旋转实例__asset-958185,信息化物料/电子水牌_43寸_H1650_旋转实例__asset-958185/通用_电子水牌_43寸_H1650_旋转实例__asset-958185.skp,,信息化物料/品类图库/01_道具图片PNG/电子水牌.png,同款,信息化物料/品类图库/03_平面图SVG/电子水牌平面图.svg,信息化物料/电子水牌_43寸_H1650_旋转实例__asset-958185/平面图例.png,638.08×535.78×1650
信息化物料,,asset-11479197,广告机,75寸横屏_无人机画面,,信息化物料/广告机_75寸横屏_无人机画面__asset-11479197,信息化物料/广告机_75寸横屏_无人机画面__asset-11479197/通用_广告机_75寸横屏_无人机画面__asset-11479197.skp,,,,,信息化物料/广告机_75寸横屏_无人机画面__asset-11479197/平面图例.png,1690×50×958
信息化物料,,asset-11479198,广告机,75寸横屏_建筑画面,,信息化物料/广告机_75寸横屏_建筑画面__asset-11479198,信息化物料/广告机_75寸横屏_建筑画面__asset-11479198/通用_广告机_75寸横屏_建筑画面__asset-11479198.skp,,,,,信息化物料/广告机_75寸横屏_建筑画面__asset-11479198/平面图例.png,1690×50×958
信息化物料,,asset-11525433,广告机,86寸横屏_单板滑雪画面,,信息化物料/广告机_86寸横屏_单板滑雪画面__asset-11525433,信息化物料/广告机_86寸横屏_单板滑雪画面__asset-11525433/通用_广告机_86寸横屏_单板滑雪画面__asset-11525433.skp,,,,,信息化物料/广告机_86寸横屏_单板滑雪画面__asset-11525433/平面图例.png,1930×194.36×1104
信息化物料,,asset-2245165,广告机,75寸横屏_滑雪画面B,,信息化物料/广告机_75寸横屏_滑雪画面B__asset-2245165,信息化物料/广告机_75寸横屏_滑雪画面B__asset-2245165/通用_广告机_75寸横屏_滑雪画面B__asset-2245165.skp,,,,,信息化物料/广告机_75寸横屏_滑雪画面B__asset-2245165/平面图例.png,1690×50×958
信息化物料,,asset-2500908,广告机,98寸横屏_滑雪画面,,信息化物料/广告机_98寸横屏_滑雪画面__asset-2500908,信息化物料/广告机_98寸横屏_滑雪画面__asset-2500908/通用_广告机_98寸横屏_滑雪画面__asset-2500908.skp,,,,,信息化物料/广告机_98寸横屏_滑雪画面__asset-2500908/平面图例.png,2190×200×1300
信息化物料,,asset-2595839,广告机,75寸竖屏_滑雪画面,,信息化物料/广告机_75寸竖屏_滑雪画面__asset-2595839,信息化物料/广告机_75寸竖屏_滑雪画面__asset-2595839/通用_广告机_75寸竖屏_滑雪画面__asset-2595839.skp,,,,,信息化物料/广告机_75寸竖屏_滑雪画面__asset-2595839/平面图例.png,958×50×1690
信息化物料,,asset-2597250,广告机,55寸竖屏,,信息化物料/广告机_55寸竖屏__asset-2597250,信息化物料/广告机_55寸竖屏__asset-2597250/通用_广告机_55寸竖屏__asset-2597250.skp,,,,,信息化物料/广告机_55寸竖屏__asset-2597250/平面图例.png,717×71×1235
信息化物料,,asset-28104668,广告机,横屏_1142x645非标规格,,信息化物料/广告机_横屏_1142x645非标规格__asset-28104668,信息化物料/广告机_横屏_1142x645非标规格__asset-28104668/通用_广告机_横屏_1142x645非标规格__asset-28104668.skp,,,,,,78.58×1142×645
信息化物料,,asset-28115483,广告机,75寸横屏_单板滑雪画面,,信息化物料/广告机_75寸横屏_单板滑雪画面__asset-28115483,信息化物料/广告机_75寸横屏_单板滑雪画面__asset-28115483/通用_广告机_75寸横屏_单板滑雪画面__asset-28115483.skp,,,,,信息化物料/广告机_75寸横屏_单板滑雪画面__asset-28115483/平面图例.png,1690×50×958
信息化物料,,asset-2932497,广告机,86寸横屏_滑雪画面,,信息化物料/广告机_86寸横屏_滑雪画面__asset-2932497,信息化物料/广告机_86寸横屏_滑雪画面__asset-2932497/通用_广告机_86寸横屏_滑雪画面__asset-2932497.skp,,,,,信息化物料/广告机_86寸横屏_滑雪画面__asset-2932497/平面图例.png,1930×194.36×1104
信息化物料,,asset-3021147,广告机,65寸横屏_滑雪画面,,信息化物料/广告机_65寸横屏_滑雪画面__asset-3021147,信息化物料/广告机_65寸横屏_滑雪画面__asset-3021147/通用_广告机_65寸横屏_滑雪画面__asset-3021147.skp,,,,,信息化物料/广告机_65寸横屏_滑雪画面__asset-3021147/平面图例.png,1465×116.46×846
信息化物料,,asset-316267,广告机,75寸横屏_滑雪画面,,信息化物料/广告机_75寸横屏_滑雪画面__asset-316267,信息化物料/广告机_75寸横屏_滑雪画面__asset-316267/通用_广告机_75寸横屏_滑雪画面__asset-316267.skp,,,,,信息化物料/广告机_75寸横屏_滑雪画面__asset-316267/平面图例.png,1690×50×958
信息化物料,,asset-37758059,广告机,75寸横屏_滑雪画面C_精度保留实例,,信息化物料/广告机_75寸横屏_滑雪画面C_精度保留实例__asset-37758059,信息化物料/广告机_75寸横屏_滑雪画面C_精度保留实例__asset-37758059/通用_广告机_75寸横屏_滑雪画面C_精度保留实例__asset-37758059.skp,,,,,信息化物料/广告机_75寸横屏_滑雪画面C_精度保留实例__asset-37758059/平面图例.png,1691×50×958
信息化物料,,asset-957634,广告机,75寸横屏_旋转实例A,,信息化物料/广告机_75寸横屏_旋转实例A__asset-957634,信息化物料/广告机_75寸横屏_旋转实例A__asset-957634/通用_广告机_75寸横屏_旋转实例A__asset-957634.skp,,,,,信息化物料/广告机_75寸横屏_旋转实例A__asset-957634/平面图例.png,50×1690×958
信息化物料,,asset-11511980,曲面LED屏,冰川画面_长条弯折款,,信息化物料/曲面LED屏_冰川画面_长条弯折款__asset-11511980,信息化物料/曲面LED屏_冰川画面_长条弯折款__asset-11511980/非标_曲面LED屏_冰川画面_长条弯折款__asset-11511980.skp,,,,,,820.85×3398×598
信息化物料,,asset-11478950,KV灯箱,水下画面_933x2300_A,,信息化物料/KV灯箱_水下画面_933x2300_A__asset-11478950,信息化物料/KV灯箱_水下画面_933x2300_A__asset-11478950/通用_KV灯箱_水下画面_933x2300_A__asset-11478950.skp,,,,,,933×30×2300
信息化物料,,asset-11525436,KV灯箱,水下画面_933x2300_B,,信息化物料/KV灯箱_水下画面_933x2300_B__asset-11525436,信息化物料/KV灯箱_水下画面_933x2300_B__asset-11525436/通用_KV灯箱_水下画面_933x2300_B__asset-11525436.skp,,,,,,933×30×2300
信息化物料,,asset-1156409,KV灯箱,GO3S竖版_933x1670,,信息化物料/KV灯箱_GO3S竖版_933x1670__asset-1156409,信息化物料/KV灯箱_GO3S竖版_933x1670__asset-1156409/通用_KV灯箱_GO3S竖版_933x1670__asset-1156409.skp,,,,,,933×30×1670.02
信息化物料,,asset-2587203,KV灯箱,GO3S横版_2200x1250,,信息化物料/KV灯箱_GO3S横版_2200x1250__asset-2587203,信息化物料/KV灯箱_GO3S横版_2200x1250__asset-2587203/通用_KV灯箱_GO3S横版_2200x1250__asset-2587203.skp,,,,,,2200×120×1250
信息化物料,,asset-569211,KV画面,AcePro2_1200x1500_平面,,信息化物料/KV画面_AcePro2_1200x1500_平面__asset-569211,信息化物料/KV画面_AcePro2_1200x1500_平面__asset-569211/非标_KV画面_AcePro2_1200x1500_平面__asset-569211.skp,,,,,,1200×0×1500
信息化物料,,asset-754006,KV画面,AcePro2_1700x980_平面,,信息化物料/KV画面_AcePro2_1700x980_平面__asset-754006,信息化物料/KV画面_AcePro2_1700x980_平面__asset-754006/非标_KV画面_AcePro2_1700x980_平面__asset-754006.skp,,,,,,1700×980×0
信息化物料,,asset-11525629,LED门头屏,4614mm_落日画面,,信息化物料/LED门头屏_4614mm_落日画面__asset-11525629,信息化物料/LED门头屏_4614mm_落日画面__asset-11525629/通用_LED门头屏_4614mm_落日画面__asset-11525629.skp,,,,,,4614×160.08×640
信息化物料,,asset-2463847,LED门头屏,约7000mm_滑雪全景,,信息化物料/LED门头屏_约7000mm_滑雪全景__asset-2463847,信息化物料/LED门头屏_约7000mm_滑雪全景__asset-2463847/通用_LED门头屏_约7000mm_滑雪全景__asset-2463847.skp,,,,,,6999.64×434.51×754.5
品牌标识,,asset-1688590,产品标识,X5立体字,,品牌标识/产品标识_X5立体字__asset-1688590,品牌标识/产品标识_X5立体字__asset-1688590/非标_产品标识_X5立体字__asset-1688590.skp,,,,,,412.26×412.26×359.36
品牌标识,,asset-1129848,吊挂LOGO,影石Insta360始于敢想_1267mm,,品牌标识/吊挂LOGO_影石Insta360始于敢想_1267mm__asset-1129848,品牌标识/吊挂LOGO_影石Insta360始于敢想_1267mm__asset-1129848/通用_吊挂LOGO_影石Insta360始于敢想_1267mm__asset-1129848.skp,,,,,,1266.5×35.91×607.91
品牌标识,,asset-33917980,吊挂LOGO,影石Insta360_1867mm_短吊杆,,品牌标识/吊挂LOGO_影石Insta360_1867mm_短吊杆__asset-33917980,品牌标识/吊挂LOGO_影石Insta360_1867mm_短吊杆__asset-33917980/通用_吊挂LOGO_影石Insta360_1867mm_短吊杆__asset-33917980.skp,,,,,,1866.77×64.18×499.61
品牌标识,,asset-33937175,吊挂LOGO,影石Insta360_1778mm_长吊杆,,品牌标识/吊挂LOGO_影石Insta360_1778mm_长吊杆__asset-33937175,品牌标识/吊挂LOGO_影石Insta360_1778mm_长吊杆__asset-33937175/通用_吊挂LOGO_影石Insta360_1778mm_长吊杆__asset-33937175.skp,,,,,,1777.82×124.21×1596.34
品牌标识,,asset-11483499,墙面LOGO,影翎ANTIGRAVITY_3155mm,,品牌标识/墙面LOGO_影翎ANTIGRAVITY_3155mm__asset-11483499,品牌标识/墙面LOGO_影翎ANTIGRAVITY_3155mm__asset-11483499/通用_墙面LOGO_影翎ANTIGRAVITY_3155mm__asset-11483499.skp,,,,,,3155.4×50×200
品牌标识,,asset-20533337,墙面LOGO,影石Insta360_3453mm,,品牌标识/墙面LOGO_影石Insta360_3453mm__asset-20533337,品牌标识/墙面LOGO_影石Insta360_3453mm__asset-20533337/通用_墙面LOGO_影石Insta360_3453mm__asset-20533337.skp,,,,,,3452.92×50.02×453.31
品牌标识,,asset-33868330,墙面LOGO,影石Insta360始于敢想_1266mm_B,,品牌标识/墙面LOGO_影石Insta360始于敢想_1266mm_B__asset-33868330,品牌标识/墙面LOGO_影石Insta360始于敢想_1266mm_B__asset-33868330/通用_墙面LOGO_影石Insta360始于敢想_1266mm_B__asset-33868330.skp,,,,,,1266.3×21.83×312.36
品牌标识,,asset-33868332,墙面LOGO,影石Insta360全景相机_4673mm,,品牌标识/墙面LOGO_影石Insta360全景相机_4673mm__asset-33868332,品牌标识/墙面LOGO_影石Insta360全景相机_4673mm__asset-33868332/通用_墙面LOGO_影石Insta360全景相机_4673mm__asset-33868332.skp,,,,,,4673.28×50×404.52
品牌标识,,asset-34293910,墙面LOGO,Insta360_Thinkbold_1092mm,,品牌标识/墙面LOGO_Insta360_Thinkbold_1092mm__asset-34293910,品牌标识/墙面LOGO_Insta360_Thinkbold_1092mm__asset-34293910/通用_墙面LOGO_Insta360_Thinkbold_1092mm__asset-34293910.skp,,,,,,1091.81×20×381.57
品牌标识,,asset-37760531,墙面LOGO,ANTIGRAVITY_2619mm,,品牌标识/墙面LOGO_ANTIGRAVITY_2619mm__asset-37760531,品牌标识/墙面LOGO_ANTIGRAVITY_2619mm__asset-37760531/通用_墙面LOGO_ANTIGRAVITY_2619mm__asset-37760531.skp,,,,,,2619.17×50×184.12
品牌标识,,asset-40896298,墙面LOGO,影石Insta360_2930mm,,品牌标识/墙面LOGO_影石Insta360_2930mm__asset-40896298,品牌标识/墙面LOGO_影石Insta360_2930mm__asset-40896298/通用_墙面LOGO_影石Insta360_2930mm__asset-40896298.skp,,,,,,2930.32×50×401.18
品牌标识,,asset-40910342,墙面LOGO,Insta360_2027mm,,品牌标识/墙面LOGO_Insta360_2027mm__asset-40910342,品牌标识/墙面LOGO_Insta360_2027mm__asset-40910342/通用_墙面LOGO_Insta360_2027mm__asset-40910342.skp,,,,,,2026.85×50×385.13
品牌标识,,asset-6952129,墙面LOGO,影石Insta360始于敢想_1267mm_A,,品牌标识/墙面LOGO_影石Insta360始于敢想_1267mm_A__asset-6952129,品牌标识/墙面LOGO_影石Insta360始于敢想_1267mm_A__asset-6952129/通用_墙面LOGO_影石Insta360始于敢想_1267mm_A__asset-6952129.skp,,,,,,1266.5×20.91×311.03
品牌标识,,asset-568756,双面侧招,影石Insta360_600mm方牌,,品牌标识/双面侧招_影石Insta360_600mm方牌__asset-568756,品牌标识/双面侧招_影石Insta360_600mm方牌__asset-568756/通用_双面侧招_影石Insta360_600mm方牌__asset-568756.skp,,,,,,200×730.69×600
品牌标识,,asset-3147733,LOGO画面,Insta360_500x100_平面,,品牌标识/LOGO画面_Insta360_500x100_平面__asset-3147733,品牌标识/LOGO画面_Insta360_500x100_平面__asset-3147733/通用_LOGO画面_Insta360_500x100_平面__asset-3147733.skp,,,,,,500×0×100
非标陈列,,asset-1691382,产品放大模型,X3相机,,非标陈列/产品放大模型_X3相机__asset-1691382,非标陈列/产品放大模型_X3相机__asset-1691382/非标_产品放大模型_X3相机__asset-1691382.skp,,,,,,302.13×321.35×767.16
非标陈列,,asset-1567211,橱窗场景道具,柯基犬_带运动相机,,非标陈列/橱窗场景道具_柯基犬_带运动相机__asset-1567211,非标陈列/橱窗场景道具_柯基犬_带运动相机__asset-1567211/非标_橱窗场景道具_柯基犬_带运动相机__asset-1567211.skp,,,,,,498.78×273.26×445.83
非标陈列,,asset-40808068,橱窗场景道具,骑行模特及自行车_非标组合,,非标陈列/橱窗场景道具_骑行模特及自行车_非标组合__asset-40808068,非标陈列/橱窗场景道具_骑行模特及自行车_非标组合__asset-40808068/SI2.0_橱窗场景道具_骑行模特及自行车_非标组合__asset-40808068.skp,,,,,,872.47×1910.47×1890.91
非标陈列,,asset-40888228,橱窗场景道具,橙色岩石_双组_非标组合,,非标陈列/橱窗场景道具_橙色岩石_双组_非标组合__asset-40888228,非标陈列/橱窗场景道具_橙色岩石_双组_非标组合__asset-40888228/SI2.0_橱窗场景道具_橙色岩石_双组_非标组合__asset-40888228.skp,,,,,,2573.67×2687.98×798.66
非标陈列,,asset-1688589,橱窗模特,头盔赛车服人台,,非标陈列/橱窗模特_头盔赛车服人台__asset-1688589,非标陈列/橱窗模特_头盔赛车服人台__asset-1688589/非标_橱窗模特_头盔赛车服人台__asset-1688589.skp,,,,,,467.14×512.98×1764.32
非标陈列,,asset-3356837,休闲沙发,黑色双人款_2000mm,,非标陈列/休闲沙发_黑色双人款_2000mm__asset-3356837,非标陈列/休闲沙发_黑色双人款_2000mm__asset-3356837/非标_休闲沙发_黑色双人款_2000mm__asset-3356837.skp,有,,,,,2000×971×829
非标陈列,,asset-28034994,中岛陈列柜组合,白色_带配件柜及产品屏,,非标陈列/中岛陈列柜组合_白色_带配件柜及产品屏__asset-28034994,非标陈列/中岛陈列柜组合_白色_带配件柜及产品屏__asset-28034994/非标_中岛陈列柜组合_白色_带配件柜及产品屏__asset-28034994.skp,有,,,,,1002.71×1806.77×1432.07
非标陈列,,asset-3356988,L形挡板,银灰圆角_900mm_用途未定,,非标陈列/L形挡板_银灰圆角_900mm_用途未定__asset-3356988,非标陈列/L形挡板_银灰圆角_900mm_用途未定__asset-3356988/非标_L形挡板_银灰圆角_900mm_用途未定__asset-3356988.skp,,,,,,900×390×800
环境设施,,asset-754909,轨道射灯,单灯_灰色,,环境设施/轨道射灯_单灯_灰色__asset-754909,环境设施/轨道射灯_单灯_灰色__asset-754909/通用_轨道射灯_单灯_灰色__asset-754909.skp,,,,,,200×200×244
环境设施,,asset-2908609,轨道射灯组合,750mm轨道,,环境设施/轨道射灯组合_750mm轨道__asset-2908609,环境设施/轨道射灯组合_750mm轨道__asset-2908609/通用_轨道射灯组合_750mm轨道__asset-2908609.skp,,,,,,200×750×426.52
环境设施,,asset-2932358,轨道射灯组合,四轨组合,,环境设施/轨道射灯组合_四轨组合__asset-2932358,环境设施/轨道射灯组合_四轨组合__asset-2932358/通用_轨道射灯组合_四轨组合__asset-2932358.skp,,,,,,4400×4015.99×370.59
环境设施,,asset-33908345,轨道射灯组合,3690mm轨道,,环境设施/轨道射灯组合_3690mm轨道__asset-33908345,环境设施/轨道射灯组合_3690mm轨道__asset-33908345/通用_轨道射灯组合_3690mm轨道__asset-33908345.skp,,,,,,3690×205.99×370.59
环境设施,,asset-775543,轨道射灯组合,1500mm轨道,,环境设施/轨道射灯组合_1500mm轨道__asset-775543,环境设施/轨道射灯组合_1500mm轨道__asset-775543/通用_轨道射灯组合_1500mm轨道__asset-775543.skp,,,,,,200×1500×426.52
环境设施,,asset-24488049,消防栓箱,红色设备箱,,环境设施/消防栓箱_红色设备箱__asset-24488049,环境设施/消防栓箱_红色设备箱__asset-24488049/通用_消防栓箱_红色设备箱__asset-24488049.skp,,,,,,728.91×221.36×876.48
