类型,大类,SI,编号,名称,现状,补充方式
缺效果图,软装道具,SI1.0,asset-2360478,边桌收银柜 · 1800mm变体_带电脑,暂用SketchUp预览图,透明背景PNG，命名为 asset-2360478.png 放入 软装道具/SI1.0/品类图库/01_道具图片PNG/，再运行 pnpm library:refresh
缺效果图,软装道具,SI1.0,asset-24498456,边桌收银柜 · 1800mm变体_带背面画面,暂用SketchUp预览图,透明背景PNG，命名为 asset-24498456.png 放入 软装道具/SI1.0/品类图库/01_道具图片PNG/，再运行 pnpm library:refresh
缺效果图,软装道具,SI2.0,asset-41277543,1.8米亮脚开箱桌 · 含4把黑色高脚凳,暂用同类参考：1.8米开箱桌,透明背景PNG，命名为 asset-41277543.png 放入 软装道具/SI2.0/品类图库/01_道具图片PNG/，再运行 pnpm library:refresh
缺效果图,软装道具,SI2.0,asset-41053706,1.8米亮脚中岛桌 · 带产品托盘,暂用同类参考：1.8米中岛桌,透明背景PNG，命名为 asset-41053706.png 放入 软装道具/SI2.0/品类图库/01_道具图片PNG/，再运行 pnpm library:refresh
缺效果图,软装道具,SI2.0,asset-36929122,2.4米配件柜(AVBU+影石Insta360) · 混合陈列_带原标签,暂用同类参考：2.4米配件柜(AVBU),透明背景PNG，命名为 asset-36929122.png 放入 软装道具/SI2.0/品类图库/01_道具图片PNG/，再运行 pnpm library:refresh
缺效果图,软装道具,SI2.0,asset-36882381,产品展示台 · 600mm方台_空台_非标延展,暂用SketchUp预览图,透明背景PNG，命名为 asset-36882381.png 放入 软装道具/SI2.0/品类图库/01_道具图片PNG/，再运行 pnpm library:refresh
缺效果图,软装道具,SI2.0,asset-37747691,产品展示台 · 600mm方台_ANTIGRAVITY_非标延展,暂用SketchUp预览图,透明背景PNG，命名为 asset-37747691.png 放入 软装道具/SI2.0/品类图库/01_道具图片PNG/，再运行 pnpm library:refresh
缺效果图,软装道具,SI2.0,asset-37747692,产品展示台 · 600mm方台_X5_非标延展,暂用SketchUp预览图,透明背景PNG，命名为 asset-37747692.png 放入 软装道具/SI2.0/品类图库/01_道具图片PNG/，再运行 pnpm library:refresh
缺效果图,软装道具,SI2.0,asset-37747693,产品展示台 · 600mm方台_GOULTRA_非标延展,暂用SketchUp预览图,透明背景PNG，命名为 asset-37747693.png 放入 软装道具/SI2.0/品类图库/01_道具图片PNG/，再运行 pnpm library:refresh
缺效果图,软装道具,SI2.0,asset-36929204,徕卡墙画面与标识组合 · 1.99米及1.2米_不含背墙,暂用同类参考：1.99米徕卡墙,透明背景PNG，命名为 asset-36929204.png 放入 软装道具/SI2.0/品类图库/01_道具图片PNG/，再运行 pnpm library:refresh
缺效果图,软装道具,SI2.0,asset-16510684,试飞台 · 直径800_H921变体,暂用SketchUp预览图,透明背景PNG，命名为 asset-16510684.png 放入 软装道具/SI2.0/品类图库/01_道具图片PNG/，再运行 pnpm library:refresh
缺效果图,信息化物料,,asset-11479197,广告机 · 75寸横屏_无人机画面,暂用SketchUp预览图,透明背景PNG，命名为 asset-11479197.png 放入 信息化物料/品类图库/01_道具图片PNG/，再运行 pnpm library:refresh
缺效果图,信息化物料,,asset-11479198,广告机 · 75寸横屏_建筑画面,暂用SketchUp预览图,透明背景PNG，命名为 asset-11479198.png 放入 信息化物料/品类图库/01_道具图片PNG/，再运行 pnpm library:refresh
缺效果图,信息化物料,,asset-11525433,广告机 · 86寸横屏_单板滑雪画面,暂用SketchUp预览图,透明背景PNG，命名为 asset-11525433.png 放入 信息化物料/品类图库/01_道具图片PNG/，再运行 pnpm library:refresh
缺效果图,信息化物料,,asset-2245165,广告机 · 75寸横屏_滑雪画面B,暂用SketchUp预览图,透明背景PNG，命名为 asset-2245165.png 放入 信息化物料/品类图库/01_道具图片PNG/，再运行 pnpm library:refresh
缺效果图,信息化物料,,asset-2500908,广告机 · 98寸横屏_滑雪画面,暂用SketchUp预览图,透明背景PNG，命名为 asset-2500908.png 放入 信息化物料/品类图库/01_道具图片PNG/，再运行 pnpm library:refresh
缺效果图,信息化物料,,asset-2595839,广告机 · 75寸竖屏_滑雪画面,暂用SketchUp预览图,透明背景PNG，命名为 asset-2595839.png 放入 信息化物料/品类图库/01_道具图片PNG/，再运行 pnpm library:refresh
缺效果图,信息化物料,,asset-2597250,广告机 · 55寸竖屏,暂用SketchUp预览图,透明背景PNG，命名为 asset-2597250.png 放入 信息化物料/品类图库/01_道具图片PNG/，再运行 pnpm library:refresh
缺效果图,信息化物料,,asset-28104668,广告机 · 横屏_1142x645非标规格,暂用SketchUp预览图,透明背景PNG，命名为 asset-28104668.png 放入 信息化物料/品类图库/01_道具图片PNG/，再运行 pnpm library:refresh
缺效果图,信息化物料,,asset-28115483,广告机 · 75寸横屏_单板滑雪画面,暂用SketchUp预览图,透明背景PNG，命名为 asset-28115483.png 放入 信息化物料/品类图库/01_道具图片PNG/，再运行 pnpm library:refresh
缺效果图,信息化物料,,asset-2932497,广告机 · 86寸横屏_滑雪画面,暂用SketchUp预览图,透明背景PNG，命名为 asset-2932497.png 放入 信息化物料/品类图库/01_道具图片PNG/，再运行 pnpm library:refresh
缺效果图,信息化物料,,asset-3021147,广告机 · 65寸横屏_滑雪画面,暂用SketchUp预览图,透明背景PNG，命名为 asset-3021147.png 放入 信息化物料/品类图库/01_道具图片PNG/，再运行 pnpm library:refresh
缺效果图,信息化物料,,asset-316267,广告机 · 75寸横屏_滑雪画面,暂用SketchUp预览图,透明背景PNG，命名为 asset-316267.png 放入 信息化物料/品类图库/01_道具图片PNG/，再运行 pnpm library:refresh
缺效果图,信息化物料,,asset-37758059,广告机 · 75寸横屏_滑雪画面C_精度保留实例,暂用SketchUp预览图,透明背景PNG，命名为 asset-37758059.png 放入 信息化物料/品类图库/01_道具图片PNG/，再运行 pnpm library:refresh
缺效果图,信息化物料,,asset-957634,广告机 · 75寸横屏_旋转实例A,暂用SketchUp预览图,透明背景PNG，命名为 asset-957634.png 放入 信息化物料/品类图库/01_道具图片PNG/，再运行 pnpm library:refresh
缺效果图,信息化物料,,asset-11511980,曲面LED屏 · 冰川画面_长条弯折款,暂用SketchUp预览图,透明背景PNG，命名为 asset-11511980.png 放入 信息化物料/品类图库/01_道具图片PNG/，再运行 pnpm library:refresh
缺效果图,信息化物料,,asset-11478950,KV灯箱 · 水下画面_933x2300_A,暂用SketchUp预览图,透明背景PNG，命名为 asset-11478950.png 放入 信息化物料/品类图库/01_道具图片PNG/，再运行 pnpm library:refresh
缺效果图,信息化物料,,asset-11525436,KV灯箱 · 水下画面_933x2300_B,暂用SketchUp预览图,透明背景PNG，命名为 asset-11525436.png 放入 信息化物料/品类图库/01_道具图片PNG/，再运行 pnpm library:refresh
缺效果图,信息化物料,,asset-1156409,KV灯箱 · GO3S竖版_933x1670,暂用SketchUp预览图,透明背景PNG，命名为 asset-1156409.png 放入 信息化物料/品类图库/01_道具图片PNG/，再运行 pnpm library:refresh
缺效果图,信息化物料,,asset-2587203,KV灯箱 · GO3S横版_2200x1250,暂用SketchUp预览图,透明背景PNG，命名为 asset-2587203.png 放入 信息化物料/品类图库/01_道具图片PNG/，再运行 pnpm library:refresh
缺效果图,信息化物料,,asset-569211,KV画面 · AcePro2_1200x1500_平面,暂用SketchUp预览图,透明背景PNG，命名为 asset-569211.png 放入 信息化物料/品类图库/01_道具图片PNG/，再运行 pnpm library:refresh
缺效果图,信息化物料,,asset-754006,KV画面 · AcePro2_1700x980_平面,暂用SketchUp预览图,透明背景PNG，命名为 asset-754006.png 放入 信息化物料/品类图库/01_道具图片PNG/，再运行 pnpm library:refresh
缺效果图,信息化物料,,asset-11525629,LED门头屏 · 4614mm_落日画面,暂用SketchUp预览图,透明背景PNG，命名为 asset-11525629.png 放入 信息化物料/品类图库/01_道具图片PNG/，再运行 pnpm library:refresh
缺效果图,信息化物料,,asset-2463847,LED门头屏 · 约7000mm_滑雪全景,暂用SketchUp预览图,透明背景PNG，命名为 asset-2463847.png 放入 信息化物料/品类图库/01_道具图片PNG/，再运行 pnpm library:refresh
缺效果图,品牌标识,,asset-1688590,产品标识 · X5立体字,暂用SketchUp预览图,透明背景PNG，命名为 asset-1688590.png 放入 品牌标识/品类图库/01_道具图片PNG/，再运行 pnpm library:refresh
缺效果图,品牌标识,,asset-1129848,吊挂LOGO · 影石Insta360始于敢想_1267mm,暂用SketchUp预览图,透明背景PNG，命名为 asset-1129848.png 放入 品牌标识/品类图库/01_道具图片PNG/，再运行 pnpm library:refresh
缺效果图,品牌标识,,asset-33917980,吊挂LOGO · 影石Insta360_1867mm_短吊杆,暂用SketchUp预览图,透明背景PNG，命名为 asset-33917980.png 放入 品牌标识/品类图库/01_道具图片PNG/，再运行 pnpm library:refresh
缺效果图,品牌标识,,asset-33937175,吊挂LOGO · 影石Insta360_1778mm_长吊杆,暂用SketchUp预览图,透明背景PNG，命名为 asset-33937175.png 放入 品牌标识/品类图库/01_道具图片PNG/，再运行 pnpm library:refresh
缺效果图,品牌标识,,asset-11483499,墙面LOGO · 影翎ANTIGRAVITY_3155mm,暂用SketchUp预览图,透明背景PNG，命名为 asset-11483499.png 放入 品牌标识/品类图库/01_道具图片PNG/，再运行 pnpm library:refresh
缺效果图,品牌标识,,asset-20533337,墙面LOGO · 影石Insta360_3453mm,暂用SketchUp预览图,透明背景PNG，命名为 asset-20533337.png 放入 品牌标识/品类图库/01_道具图片PNG/，再运行 pnpm library:refresh
缺效果图,品牌标识,,asset-33868330,墙面LOGO · 影石Insta360始于敢想_1266mm_B,暂用SketchUp预览图,透明背景PNG，命名为 asset-33868330.png 放入 品牌标识/品类图库/01_道具图片PNG/，再运行 pnpm library:refresh
缺效果图,品牌标识,,asset-33868332,墙面LOGO · 影石Insta360全景相机_4673mm,暂用SketchUp预览图,透明背景PNG，命名为 asset-33868332.png 放入 品牌标识/品类图库/01_道具图片PNG/，再运行 pnpm library:refresh
缺效果图,品牌标识,,asset-34293910,墙面LOGO · Insta360_Thinkbold_1092mm,暂用SketchUp预览图,透明背景PNG，命名为 asset-34293910.png 放入 品牌标识/品类图库/01_道具图片PNG/，再运行 pnpm library:refresh
缺效果图,品牌标识,,asset-37760531,墙面LOGO · ANTIGRAVITY_2619mm,暂用SketchUp预览图,透明背景PNG，命名为 asset-37760531.png 放入 品牌标识/品类图库/01_道具图片PNG/，再运行 pnpm library:refresh
缺效果图,品牌标识,,asset-40896298,墙面LOGO · 影石Insta360_2930mm,暂用SketchUp预览图,透明背景PNG，命名为 asset-40896298.png 放入 品牌标识/品类图库/01_道具图片PNG/，再运行 pnpm library:refresh
缺效果图,品牌标识,,asset-40910342,墙面LOGO · Insta360_2027mm,暂用SketchUp预览图,透明背景PNG，命名为 asset-40910342.png 放入 品牌标识/品类图库/01_道具图片PNG/，再运行 pnpm library:refresh
缺效果图,品牌标识,,asset-6952129,墙面LOGO · 影石Insta360始于敢想_1267mm_A,暂用SketchUp预览图,透明背景PNG，命名为 asset-6952129.png 放入 品牌标识/品类图库/01_道具图片PNG/，再运行 pnpm library:refresh
缺效果图,品牌标识,,asset-568756,双面侧招 · 影石Insta360_600mm方牌,暂用SketchUp预览图,透明背景PNG，命名为 asset-568756.png 放入 品牌标识/品类图库/01_道具图片PNG/，再运行 pnpm library:refresh
缺效果图,品牌标识,,asset-3147733,LOGO画面 · Insta360_500x100_平面,暂用SketchUp预览图,透明背景PNG，命名为 asset-3147733.png 放入 品牌标识/品类图库/01_道具图片PNG/，再运行 pnpm library:refresh
缺效果图,非标陈列,,asset-1691382,产品放大模型 · X3相机,暂用SketchUp预览图,透明背景PNG，命名为 asset-1691382.png 放入 非标陈列/品类图库/01_道具图片PNG/，再运行 pnpm library:refresh
缺效果图,非标陈列,,asset-1567211,橱窗场景道具 · 柯基犬_带运动相机,暂用SketchUp预览图,透明背景PNG，命名为 asset-1567211.png 放入 非标陈列/品类图库/01_道具图片PNG/，再运行 pnpm library:refresh
缺效果图,非标陈列,,asset-40808068,橱窗场景道具 · 骑行模特及自行车_非标组合,暂用SketchUp预览图,透明背景PNG，命名为 asset-40808068.png 放入 非标陈列/品类图库/01_道具图片PNG/，再运行 pnpm library:refresh
缺效果图,非标陈列,,asset-40888228,橱窗场景道具 · 橙色岩石_双组_非标组合,暂用SketchUp预览图,透明背景PNG，命名为 asset-40888228.png 放入 非标陈列/品类图库/01_道具图片PNG/，再运行 pnpm library:refresh
缺效果图,非标陈列,,asset-1688589,橱窗模特 · 头盔赛车服人台,暂用SketchUp预览图,透明背景PNG，命名为 asset-1688589.png 放入 非标陈列/品类图库/01_道具图片PNG/，再运行 pnpm library:refresh
缺效果图,非标陈列,,asset-3356837,休闲沙发 · 黑色双人款_2000mm,暂用SketchUp预览图,透明背景PNG，命名为 asset-3356837.png 放入 非标陈列/品类图库/01_道具图片PNG/，再运行 pnpm library:refresh
缺效果图,非标陈列,,asset-28034994,中岛陈列柜组合 · 白色_带配件柜及产品屏,暂用SketchUp预览图,透明背景PNG，命名为 asset-28034994.png 放入 非标陈列/品类图库/01_道具图片PNG/，再运行 pnpm library:refresh
缺效果图,非标陈列,,asset-3356988,L形挡板 · 银灰圆角_900mm_用途未定,暂用SketchUp预览图,透明背景PNG，命名为 asset-3356988.png 放入 非标陈列/品类图库/01_道具图片PNG/，再运行 pnpm library:refresh
缺三维模型,软装道具,SI1.0,,1.0米收银台,软装道具/SI1.0/品类图库 已有效果图或平面图，没有对应的SU/网页模型,SU模型（转换为网页模型后可在三维中摆放）；加入后在 品类对照.csv 填写编号与品类名
缺三维模型,软装道具,SI1.0,,1.0米边桌+收银,软装道具/SI1.0/品类图库 已有效果图或平面图，没有对应的SU/网页模型,SU模型（转换为网页模型后可在三维中摆放）；加入后在 品类对照.csv 填写编号与品类名
缺三维模型,软装道具,SI1.0,,1.8米单面开箱桌,软装道具/SI1.0/品类图库 已有效果图或平面图，没有对应的SU/网页模型,SU模型（转换为网页模型后可在三维中摆放）；加入后在 品类对照.csv 填写编号与品类名
缺三维模型,软装道具,SI1.0,,2.4米配件柜,软装道具/SI1.0/品类图库 已有效果图或平面图，没有对应的SU/网页模型,SU模型（转换为网页模型后可在三维中摆放）；加入后在 品类对照.csv 填写编号与品类名
缺三维模型,软装道具,SI1.0,,3.6米配件柜,软装道具/SI1.0/品类图库 已有效果图或平面图，没有对应的SU/网页模型,SU模型（转换为网页模型后可在三维中摆放）；加入后在 品类对照.csv 填写编号与品类名
缺三维模型,软装道具,SI2.0,,0.9米收银边柜,软装道具/SI2.0/品类图库 已有效果图或平面图，没有对应的SU/网页模型,SU模型（转换为网页模型后可在三维中摆放）；加入后在 品类对照.csv 填写编号与品类名
缺三维模型,软装道具,SI2.0,,1.2米徕卡墙,软装道具/SI2.0/品类图库 已有效果图或平面图，没有对应的SU/网页模型,SU模型（转换为网页模型后可在三维中摆放）；加入后在 品类对照.csv 填写编号与品类名
缺三维模型,软装道具,SI2.0,,1.5米收银边柜,软装道具/SI2.0/品类图库 已有效果图或平面图，没有对应的SU/网页模型,SU模型（转换为网页模型后可在三维中摆放）；加入后在 品类对照.csv 填写编号与品类名
缺三维模型,软装道具,SI2.0,,1.6米配件柜,软装道具/SI2.0/品类图库 已有效果图或平面图，没有对应的SU/网页模型,SU模型（转换为网页模型后可在三维中摆放）；加入后在 品类对照.csv 填写编号与品类名
缺三维模型,软装道具,SI2.0,,1.8米储物边柜(H1.3米),软装道具/SI2.0/品类图库 已有效果图或平面图，没有对应的SU/网页模型,SU模型（转换为网页模型后可在三维中摆放）；加入后在 品类对照.csv 填写编号与品类名
缺三维模型,软装道具,SI2.0,,1.8米储物边柜(带托盘),软装道具/SI2.0/品类图库 已有效果图或平面图，没有对应的SU/网页模型,SU模型（转换为网页模型后可在三维中摆放）；加入后在 品类对照.csv 填写编号与品类名
缺三维模型,软装道具,SI2.0,,1.8米开箱储物边柜,软装道具/SI2.0/品类图库 已有效果图或平面图，没有对应的SU/网页模型,SU模型（转换为网页模型后可在三维中摆放）；加入后在 品类对照.csv 填写编号与品类名
缺三维模型,软装道具,SI2.0,,1.8米收银桌(右),软装道具/SI2.0/品类图库 已有效果图或平面图，没有对应的SU/网页模型,SU模型（转换为网页模型后可在三维中摆放）；加入后在 品类对照.csv 填写编号与品类名
缺三维模型,软装道具,SI2.0,,1.8米配件边柜(不带托盘),软装道具/SI2.0/品类图库 已有效果图或平面图，没有对应的SU/网页模型,SU模型（转换为网页模型后可在三维中摆放）；加入后在 品类对照.csv 填写编号与品类名
缺三维模型,软装道具,SI2.0,,3.0米徕卡墙,软装道具/SI2.0/品类图库 已有效果图或平面图，没有对应的SU/网页模型,SU模型（转换为网页模型后可在三维中摆放）；加入后在 品类对照.csv 填写编号与品类名
