序号,原资产ID,SI归类,标准名称或描述,变体说明,对应程度,判断把握,依据页码,识别依据,旧分类,旧组件名,原场景实例数,原文件_相对项目根目录,新文件_相对本目录,可见几何XYZ毫米_不是台体净尺寸,原文件SHA256,新文件SHA256,既有原生验证,物料大类,软装SI分组,目录顺序,平面图例,图例来源,图例说明
3,asset-408124,SI1.0,1800mm普通中岛桌,产品陈列A,对应,高（类型）,SI1-part4:12,白色圆角围边，台面1800×1000；总高包含产品；2026-10-02按用户术语归类为普通中岛桌（整体底座）,体验桌,组件#4,1,素材库/04_assets/incoming/split-20260925-v2/asset-408124/selected-20260925-212112/prop-instance.skp,SI1.0/SI1.0_1800mm普通中岛桌_产品陈列A__asset-408124.skp,"[1000.0, 1800.0, 1326.89]",dec40d27fb069099448a28729d92930304ff4dc4103d57bb452cfcbbf184a586,dec40d27fb069099448a28729d92930304ff4dc4103d57bb452cfcbbf184a586,passed,软装物料,SI1.0,1,平面图例/纯净版/asset-408124.png,各门店图纸/昆山商厦家电市场照材专卖店（扩店）.pdf 第10页,按本模型正投影生成，保留实际可见轮廓；无文字、材质和阴影。已简化陈列小件或立体标识。虚线为模型底座／桌腿在离地100mm处的截面投影。
4,asset-408125,SI1.0,1800mm普通中岛桌,产品陈列B,对应,高（类型）,SI1-part4:12,同款白色圆角桌，保留不同产品陈列组合；2026-10-02按用户术语归类为普通中岛桌（整体底座）,体验桌,组#13,1,素材库/04_assets/incoming/split-20260925-v2/asset-408125/selected-20260925-212116/prop-instance.skp,SI1.0/SI1.0_1800mm普通中岛桌_产品陈列B__asset-408125.skp,"[1000.0, 1800.0, 1232.1]",66682d612e87ddb90362ae8a6eac0064cec0cc9eb23987406ceaf57f77c66ca6,66682d612e87ddb90362ae8a6eac0064cec0cc9eb23987406ceaf57f77c66ca6,passed,软装物料,SI1.0,2,平面图例/纯净版/asset-408125.png,各门店图纸/昆山商厦家电市场照材专卖店（扩店）.pdf 第10页,按本模型正投影生成，保留实际可见轮廓；无文字、材质和阴影。已简化陈列小件或立体标识。虚线为模型底座／桌腿在离地100mm处的截面投影。
21,asset-1788391,SI1.0,1800mm普通开箱桌,含4把白色高脚凳,对应,高（类型）,SI1-part4:13,白色圆角桌、四操作垫及4把白色高脚凳；2026-10-02按用户术语归类为普通开箱桌（整体底座）,开箱洽谈桌椅组合,组#115,1,素材库/04_assets/incoming/split-20260925-v2/asset-1788391/selected-20260925-212221/prop-instance.skp,SI1.0/SI1.0_1800mm普通开箱桌_含4把白色高脚凳__asset-1788391.skp,"[1800.0, 2199.4, 907.5]",6e1e092973c8d7084a1332837c60f7987852ac436b24d8edfb73afd2997f9496,6e1e092973c8d7084a1332837c60f7987852ac436b24d8edfb73afd2997f9496,passed,软装物料,SI1.0,3,平面图例/纯净版/asset-1788391.png,各门店图纸/江门汇悦大融城（迁址）.pdf 第15页,按本模型正投影生成，保留实际可见轮廓；无文字、材质和阴影。虚线为模型底座／桌腿在离地100mm处的截面投影。
57,asset-24488377,SI1.0,收银台,白色圆角_约1942mm变体,变体,中（家族或变体）,SI1-part4:14,白色圆角台及侧置电脑挡板；尺寸及挡板布局均有变化，非1800标准原样,柜台,组#527,1,素材库/04_assets/incoming/split-20260925-v2/asset-24488377/selected-20260925-215250/prop-instance.skp,SI1.0/SI1.0_收银台_白色圆角_约1942mm变体__asset-24488377.skp,"[1941.8, 647.9, 1204.54]",ddd5609583454c8dd0a838772a06de93f5a4827121298bf07a70bf52b25d4829,ddd5609583454c8dd0a838772a06de93f5a4827121298bf07a70bf52b25d4829,passed,软装物料,SI1.0,4,,,本轮未找到可确认的同规格、同用途平面图例；不使用相近尺寸冒充
29,asset-2595882,SI1.0,1200mm配件柜,浅灰款,对应,高（类型）,SI1-part4:19,1200×450×2400浅灰配件柜，结构与SI1详图对应,配件柜,组#248,1,素材库/04_assets/incoming/split-20260925-v2/asset-2595882/selected-20260925-212243/prop-instance.skp,SI1.0/SI1.0_1200mm配件柜_浅灰款__asset-2595882.skp,"[1200.0, 450.0, 2400.0]",36cdeb8d210b826f10f7dbd9c5bf834df71e7ca2a29518def572d41c9fc97686,36cdeb8d210b826f10f7dbd9c5bf834df71e7ca2a29518def572d41c9fc97686,passed,软装物料,SI1.0,5,平面图例/纯净版/asset-2595882.png,各门店图纸/江门汇悦大融城（迁址）.pdf 第15页,按本模型正投影生成，保留实际可见轮廓；无文字、材质和阴影。
2,asset-323015,SI1.0,1600mm配件柜,浅灰款,对应,高（类型）,SI1-part4:18,1600×450×2400，浅灰柜门及三组陈列画面,配件柜,配件柜1.6,1,素材库/04_assets/incoming/split-20260925-v2/asset-323015/selected-20260925-212110/prop-instance.skp,SI1.0/SI1.0_1600mm配件柜_浅灰款__asset-323015.skp,"[1600.0, 450.0, 2400.0]",13c2054b773592caeba4623e526d636b68e2231f66ecc722419666b589256059,13c2054b773592caeba4623e526d636b68e2231f66ecc722419666b589256059,passed,软装物料,SI1.0,6,平面图例/纯净版/asset-323015.png,各门店图纸/上海万象城授权体验店（边厅）.pdf 第7页,按本模型正投影生成，保留实际可见轮廓；无文字、材质和阴影。
72,asset-34320268,SI1.0,1800mm边桌配件柜,带托盘及背面画面,对应,高（类型）,SI1-part4:20,补看正面为开放配件架，与asset-752992封闭储物柜不同,柜台,组#754,1,素材库/04_assets/incoming/split-20260925-v2/asset-34320268/selected-20260925-215522/prop-instance.skp,SI1.0/SI1.0_1800mm边桌配件柜_带托盘及背面画面__asset-34320268.skp,"[500.0, 1800.0, 1213.67]",c9969b50cb0c70cc6006f2207a7736a9b422cf7d719dfbda5b56ea96d1d0095d,c9969b50cb0c70cc6006f2207a7736a9b422cf7d719dfbda5b56ea96d1d0095d,passed,软装物料,SI1.0,7,平面图例/纯净版/asset-34320268.png,各门店图纸/青岛城阳万象汇授权体验店.pdf 第6页,按本模型正投影生成，保留实际可见轮廓；无文字、材质和阴影。
9,asset-752992,SI1.0,1800mm边桌储物柜,带托盘及背面画面,对应,高（类型）,SI1-part4:21,补看正面确认封闭柜门；背面GO3宣传画，台面3个产品托盘,柜台,组件#28,1,素材库/04_assets/incoming/split-20260925-v2/asset-752992/selected-20260925-212142/prop-instance.skp,SI1.0/SI1.0_1800mm边桌储物柜_带托盘及背面画面__asset-752992.skp,"[500.0, 1800.0, 1213.67]",8d855a8f113c23d5c392508420bf92b9506ef2ddab46745e00250c0323ed833c,8d855a8f113c23d5c392508420bf92b9506ef2ddab46745e00250c0323ed833c,passed,软装物料,SI1.0,8,平面图例/纯净版/asset-752992.png,各门店图纸/昆山商厦家电市场照材专卖店（扩店）.pdf 第10页,按本模型正投影生成，保留实际可见轮廓；无文字、材质和阴影。
23,asset-2360478,SI1.0,边桌收银柜,1800mm变体_带电脑,变体,中（家族或变体）,SI1-part4:24,白色边桌、收银电脑与操作垫；目录1000和详图1200均不等于现有1800,柜台,组#182,1,素材库/04_assets/incoming/split-20260925-v2/asset-2360478/selected-20260925-212229/prop-instance.skp,SI1.0/SI1.0_边桌收银柜_1800mm变体_带电脑__asset-2360478.skp,"[500.0, 1800.0, 1236.77]",3c097d17b677b6891ccac775b5e016faa1ed0d4ddbf4042625de4228b6e2d798,3c097d17b677b6891ccac775b5e016faa1ed0d4ddbf4042625de4228b6e2d798,passed,软装物料,SI1.0,9,平面图例/纯净版/asset-2360478.png,各门店图纸/青岛城阳万象汇授权体验店.pdf 第6页,按本模型正投影生成，保留实际可见轮廓；无文字、材质和阴影。
58,asset-24498456,SI1.0,边桌收银柜,1800mm变体_带背面画面,变体,中（家族或变体）,SI1-part4:24,白色柜、电脑及操作垫，背面KV；尺寸不等于标准1000或1200,柜台,组#297,2,素材库/04_assets/incoming/split-20260925-v2/asset-24498456/selected-20260925-215254/prop-instance.skp,SI1.0/SI1.0_边桌收银柜_1800mm变体_带背面画面__asset-24498456.skp,"[1800.0, 500.0, 1236.77]",7d90cb2a63051d2002d71df04bb80f33d39d2be94cfe8087a6e5f285b1c356e5,7d90cb2a63051d2002d71df04bb80f33d39d2be94cfe8087a6e5f285b1c356e5,passed,软装物料,SI1.0,10,平面图例/纯净版/asset-24498456.png,各门店图纸/青岛城阳万象汇授权体验店.pdf 第6页,按本模型正投影生成，保留实际可见轮廓；无文字、材质和阴影。
8,asset-666964,SI1.0,1800mm开箱储物柜,含2把白色高脚凳,对应,高（类型）,SI1-part4:23,双操作垫、封闭储物门及2把白色高脚凳；非单面空腿开箱桌,开箱洽谈桌椅组合,组#50,2,素材库/04_assets/incoming/split-20260925-v2/asset-666964/selected-20260925-212137/prop-instance.skp,SI1.0/SI1.0_1800mm开箱储物柜_含2把白色高脚凳__asset-666964.skp,"[1068.88, 1800.0, 902.0]",2895b36e93ce07265c52c30f847b3f880251e37fdb1d4fdbbf86317438a42d19,2895b36e93ce07265c52c30f847b3f880251e37fdb1d4fdbbf86317438a42d19,passed,软装物料,SI1.0,11,平面图例/纯净版/asset-666964.png,各门店图纸/昆山商厦家电市场照材专卖店（扩店）.pdf 第10页,按本模型正投影生成，保留实际可见轮廓；无文字、材质和阴影。
6,asset-569180,SI1.0,培训坐凳,4件组合_白色空心款_H350变体,变体,中（家族或变体）,SI1-part4:25,白色U形壳体；缺少标准灰色软垫，现有高度350mm,座椅组合,凳子,2,素材库/04_assets/incoming/split-20260925-v2/asset-569180/selected-20260925-212134/prop-instance.skp,SI1.0/SI1.0_培训坐凳_4件组合_白色空心款_H350变体__asset-569180.skp,"[1250.0, 1261.0, 350.0]",c616944738e2daf4d967fccb0542efeca2d9d83224c72ccb6d412d7eaa0915ee,c616944738e2daf4d967fccb0542efeca2d9d83224c72ccb6d412d7eaa0915ee,passed,软装物料,SI1.0,12,平面图例/纯净版/asset-569180.png,各门店图纸/上海五角场万达授权体验店.pdf 第1页,按本模型正投影生成，保留实际可见轮廓；无文字、材质和阴影。
53,asset-24312623,SI2.0,1.8米普通中岛桌,产品陈列A,对应,高（类型）,SI2:117,1800×800台体、深灰围边及中心底座；高度包含产品；2026-10-02按用户术语归类为普通中岛桌（整体底座）,体验桌,组#494,1,素材库/04_assets/incoming/split-20260925-v2/asset-24312623/selected-20260925-215233/prop-instance.skp,SI2.0/SI2.0_1.8米普通中岛桌_产品陈列A__asset-24312623.skp,"[1800.0, 804.0, 1214.39]",439117577950ad2515369defc0001c6f0a0179ba915bb525c3fe02f88448f36c,439117577950ad2515369defc0001c6f0a0179ba915bb525c3fe02f88448f36c,passed,软装物料,SI2.0,13,平面图例/纯净版/asset-24312623.png,各门店图纸/上海TPY中心.pdf 第15页,按本模型正投影生成，保留实际可见轮廓；无文字、材质和阴影。已简化陈列小件或立体标识。虚线为模型底座／桌腿在离地100mm处的截面投影。
70,asset-34276510,SI2.0,1.8米普通中岛桌,产品陈列B_旋转实例,对应,高（类型）,SI2:117,1800×800台体深灰围边，世界坐标XY交换不改变标准桌型；2026-10-02按用户术语归类为普通中岛桌（整体底座）,体验桌,组#746,1,素材库/04_assets/incoming/split-20260925-v2/asset-34276510/selected-20260925-215513/prop-instance.skp,SI2.0/SI2.0_1.8米普通中岛桌_产品陈列B_旋转实例__asset-34276510.skp,"[800.0, 1800.75, 1214.39]",506849f97ec167ba43dd778d1edd08eb3fe6e461dc560461aea4c9b27dcf9a10,506849f97ec167ba43dd778d1edd08eb3fe6e461dc560461aea4c9b27dcf9a10,passed,软装物料,SI2.0,14,平面图例/纯净版/asset-34276510.png,各门店图纸/上海TPY中心.pdf 第15页,按本模型正投影生成，保留实际可见轮廓；无文字、材质和阴影。已简化陈列小件或立体标识。虚线为模型底座／桌腿在离地100mm处的截面投影。
88,asset-41053706,SI2.0,1.8米亮脚中岛桌,带产品托盘,变体,中（家族或变体）,SI2:117及案例,色彩材质属于SI2家族，四脚结构不同于117页中央底座标准款；2026-10-02按用户术语归类为亮脚中岛桌（四条独立桌腿）,体验桌,组#904,1,素材库/04_assets/incoming/split-20260925-v2/asset-41053706/selected-20260925-215809/prop-instance.skp,SI2.0/SI2.0_1.8米亮脚中岛桌_带产品托盘__asset-41053706.skp,"[804.0, 1800.0, 1164.23]",61c3711b8b0662e4c0036f2f61ad034e9b35a47b52a9d7577c8a606563439573,61c3711b8b0662e4c0036f2f61ad034e9b35a47b52a9d7577c8a606563439573,passed,软装物料,SI2.0,15,平面图例/纯净版/asset-41053706.png,各门店图纸/上海TPY中心.pdf 第15页,按本模型正投影生成，保留实际可见轮廓；无文字、材质和阴影。已简化陈列小件或立体标识。虚线为模型底座／桌腿在离地100mm处的截面投影。
50,asset-16469753,SI2.0,1.8米普通开箱桌,含4把黑色高脚凳,对应,高（类型）,SI2:118,深灰围边、白台面、四操作垫和黑色圆座高凳；2026-10-02按用户术语归类为普通开箱桌（整体底座）,开箱洽谈桌椅组合,组#417,1,素材库/04_assets/incoming/split-20260925-v2/asset-16469753/selected-20260925-212600/prop-instance.skp,SI2.0/SI2.0_1.8米普通开箱桌_含4把黑色高脚凳__asset-16469753.skp,"[1800.0, 1629.99, 902.0]",bb19ca37bdc3441030b2a98a459e067fb3ddd95cc939db5097053c8a1c78d79b,bb19ca37bdc3441030b2a98a459e067fb3ddd95cc939db5097053c8a1c78d79b,passed,软装物料,SI2.0,16,平面图例/纯净版/asset-16469753.png,各门店图纸/上海TPY中心.pdf 第15页,按本模型正投影生成，保留实际可见轮廓；无文字、材质和阴影。虚线为模型底座／桌腿在离地100mm处的截面投影。
89,asset-41277543,SI2.0,1.8米亮脚开箱桌,含4把黑色高脚凳,变体,中（家族或变体）,SI2:118及案例,桌腿为四脚框架，区别于118页中央底座款；2026-10-02按用户术语归类为亮脚开箱桌（四条独立桌腿）,开箱洽谈桌椅组合,组#918,1,素材库/04_assets/incoming/split-20260925-v2/asset-41277543/selected-20260925-215818/prop-instance.skp,SI2.0/SI2.0_1.8米亮脚开箱桌_含4把黑色高脚凳__asset-41277543.skp,"[1800.0, 1629.99, 900.0]",16940281ea37b7ad62b6a0ac5a2ec8c9628b891deb2f9fdb248b7979921b529a,16940281ea37b7ad62b6a0ac5a2ec8c9628b891deb2f9fdb248b7979921b529a,passed,软装物料,SI2.0,17,平面图例/纯净版/asset-41277543.png,各门店图纸/上海TPY中心.pdf 第15页,按本模型正投影生成，保留实际可见轮廓；无文字、材质和阴影。虚线为模型底座／桌腿在离地100mm处的截面投影。
54,asset-24432224,SI2.0,1.8米收银桌(左),带电脑,对应,高（类型）,SI2:120,以顾客侧无柜门正面为准，挡板在左；背面柜门侧电脑在右。左右按正投影详图区分,柜台,组#505,1,素材库/04_assets/incoming/split-20260925-v2/asset-24432224/selected-20260925-215241/prop-instance.skp,SI2.0/SI2.0_1.8米收银桌(左)_带电脑__asset-24432224.skp,"[1800.0, 603.49, 1204.54]",c938b7ec05d6b211c60b07bfd9d3324d09ab6821dcbd75b0c6e2028c2001831c,c938b7ec05d6b211c60b07bfd9d3324d09ab6821dcbd75b0c6e2028c2001831c,passed,软装物料,SI2.0,18,平面图例/纯净版/asset-24432224.png,各门店图纸/西安开元商场.pdf 第11页,按本模型正投影生成，保留实际可见轮廓；无文字、材质和阴影。
55,asset-24482600,SI2.0,1.2米配件柜,无人机画面变体,变体,中（家族或变体）,SI2:121,1200宽深灰下柜，产品及画面不同于详图陈列,配件柜,组#524,1,素材库/04_assets/incoming/split-20260925-v2/asset-24482600/selected-20260925-215245/prop-instance.skp,SI2.0/SI2.0_1.2米配件柜_无人机画面变体__asset-24482600.skp,"[1201.51, 543.37, 2400.0]",b5fcf53f8b55a905c55564a2d118d0273a415d7137b682f4d9d085f7307c44a4,b5fcf53f8b55a905c55564a2d118d0273a415d7137b682f4d9d085f7307c44a4,passed,软装物料,SI2.0,19,平面图例/纯净版/asset-24482600.png,各门店图纸/江门汇悦大融城（迁址）.pdf 第15页,按本模型正投影生成，保留实际可见轮廓；无文字、材质和阴影。
73,asset-34327615,SI2.0,1.2米配件柜,骑行画面款,对应,高（类型）,SI2:121,1200宽、深灰下柜；凸出陈列使可见深度大于柜体450,配件柜,组#763,1,素材库/04_assets/incoming/split-20260925-v2/asset-34327615/selected-20260925-215526/prop-instance.skp,SI2.0/SI2.0_1.2米配件柜_骑行画面款__asset-34327615.skp,"[1200.02, 540.13, 2400.0]",f408bca2e449a2bd349bb0e2bdb81def310caa3d210fb8d956ed6af342fa5678,f408bca2e449a2bd349bb0e2bdb81def310caa3d210fb8d956ed6af342fa5678,passed,软装物料,SI2.0,20,平面图例/纯净版/asset-34327615.png,各门店图纸/江门汇悦大融城（迁址）.pdf 第15页,按本模型正投影生成，保留实际可见轮廓；无文字、材质和阴影。
76,asset-36887885,SI2.0,2.4米配件柜(AVBU),带原模型顶部标签,对应,高（类型）,SI2:124,橙色ANTIGRAVITY灯条、飞行眼镜和无人机；顶部2.4AVBU字样使总高超过2400,配件柜,组#819,1,素材库/04_assets/incoming/split-20260925-v2/asset-36887885/selected-20260925-215556/prop-instance.skp,SI2.0/SI2.0_2.4米配件柜(AVBU)_带原模型顶部标签__asset-36887885.skp,"[2400.02, 550.08, 2425.0]",5c10821f5e294f58ef92f5a63777a89566b9c8c0b8795afefea78625ff0c0b6d,5c10821f5e294f58ef92f5a63777a89566b9c8c0b8795afefea78625ff0c0b6d,passed,软装物料,SI2.0,21,平面图例/纯净版/asset-36887885.png,各门店图纸/西安开元商场.pdf 第11页,按本模型正投影生成，保留实际可见轮廓；无文字、材质和阴影。已简化陈列小件或立体标识。
78,asset-36929122,SI2.0,2.4米配件柜(AVBU+影石Insta360),混合陈列_带原标签,对应,高（类型）,SI2:116,按单组2400混合陈列命名，保留顶部原字样,配件柜,组#821,1,素材库/04_assets/incoming/split-20260925-v2/asset-36929122/selected-20260925-215629/prop-instance.skp,SI2.0/SI2.0_2.4米配件柜(AVBU+影石Insta360)_混合陈列_带原标签__asset-36929122.skp,"[2400.02, 550.08, 2418.5]",23f1c0b216bc7dc7cc5d3939d48a584ab05b5a760489f7f76fed17f01f8f5478,23f1c0b216bc7dc7cc5d3939d48a584ab05b5a760489f7f76fed17f01f8f5478,passed,软装物料,SI2.0,22,平面图例/纯净版/asset-36929122.png,各门店图纸/西安开元商场.pdf 第11页,按本模型正投影生成，保留实际可见轮廓；无文字、材质和阴影。已简化陈列小件或立体标识。
38,asset-6799167,SI2.0,2.4米配件柜(场景),陈列变体A,变体,中（家族或变体）,SI2:123,2400宽，头盔等场景道具与右侧配件陈列；下柜配色与详图有差异,配件柜,组#338,1,素材库/04_assets/incoming/split-20260925-v2/asset-6799167/selected-20260925-212300/prop-instance.skp,SI2.0/SI2.0_2.4米配件柜(场景)_陈列变体A__asset-6799167.skp,"[2400.0, 540.0, 2400.0]",ded16da88c0dcb619f8258c3a05f95b05a153e9ed2d864bd848bfc46586f7403,ded16da88c0dcb619f8258c3a05f95b05a153e9ed2d864bd848bfc46586f7403,passed,软装物料,SI2.0,23,平面图例/纯净版/asset-6799167.png,各门店图纸/南昌武商mall.pdf 第15页,按本模型正投影生成，保留实际可见轮廓；无文字、材质和阴影。
77,asset-36890994,SI2.0,2.4米配件柜(场景),带原模型顶部标签,对应,高（类型）,SI2:123,顶部2.4Insta360，场景头盔与配件分区，与AVBU区别明确,配件柜,组#820,1,素材库/04_assets/incoming/split-20260925-v2/asset-36890994/selected-20260925-215601/prop-instance.skp,SI2.0/SI2.0_2.4米配件柜(场景)_带原模型顶部标签__asset-36890994.skp,"[2400.02, 540.13, 2425.0]",1f32ef82eeac7a8217b5395cf3d7ecc6459d9854103d5f1146af49e17b3c3b41,1f32ef82eeac7a8217b5395cf3d7ecc6459d9854103d5f1146af49e17b3c3b41,passed,软装物料,SI2.0,24,平面图例/纯净版/asset-36890994.png,各门店图纸/南昌武商mall.pdf 第15页,按本模型正投影生成，保留实际可见轮廓；无文字、材质和阴影。已简化陈列小件或立体标识。
48,asset-15903179,SI2.0,3.6米配件柜,陈列变体A,变体,中（家族或变体）,SI2:125,3600宽、深灰下柜和场景配件混合陈列；整体深度440为现有变体,配件柜,组#407,1,素材库/04_assets/incoming/split-20260925-v2/asset-15903179/selected-20260925-212423/prop-instance.skp,SI2.0/SI2.0_3.6米配件柜_陈列变体A__asset-15903179.skp,"[3600.0, 440.0, 2400.0]",9823288d6c44f1750dd4dc05e36814a7398dfa3b469c2805d3277df67fef0ceb,9823288d6c44f1750dd4dc05e36814a7398dfa3b469c2805d3277df67fef0ceb,passed,软装物料,SI2.0,25,平面图例/纯净版/asset-15903179.png,各门店图纸/上海TPY中心.pdf 第15页,按本模型正投影生成，保留实际可见轮廓；无文字、材质和阴影。
74,asset-36857093,SI2.0,3.6米配件柜,场景与AVBU陈列B,对应,高（类型）,SI2:125,3600宽混合场景和AVBU的深灰下柜组合,配件柜,组#811,1,素材库/04_assets/incoming/split-20260925-v2/asset-36857093/selected-20260925-215529/prop-instance.skp,SI2.0/SI2.0_3.6米配件柜_场景与AVBU陈列B__asset-36857093.skp,"[3600.02, 550.08, 2400.0]",682cd710f5f80ed451d39660c491065b2822f8c455795443ac30a44763ea8eed,682cd710f5f80ed451d39660c491065b2822f8c455795443ac30a44763ea8eed,passed,软装物料,SI2.0,26,平面图例/纯净版/asset-36857093.png,各门店图纸/上海TPY中心.pdf 第15页,按本模型正投影生成，保留实际可见轮廓；无文字、材质和阴影。
64,asset-33819654,SI2.0,1.8米收银边柜,单操作垫_未配电脑,对应,高（类型）,SI2:137,封闭柜门、单侧操作垫；不是双操作垫开箱储物边柜,柜台,组#823,1,素材库/04_assets/incoming/split-20260925-v2/asset-33819654/selected-20260925-215458/prop-instance.skp,SI2.0/SI2.0_1.8米收银边柜_单操作垫_未配电脑__asset-33819654.skp,"[1800.0, 502.14, 903.0]",e225b0e40d38a3c3cdfe62eabc02087fb9ad2aeb1c3f8c5df8c310f307da5a29,e225b0e40d38a3c3cdfe62eabc02087fb9ad2aeb1c3f8c5df8c310f307da5a29,passed,软装物料,SI2.0,27,平面图例/纯净版/asset-33819654.png,各门店图纸/青岛城阳万象汇授权体验店.pdf 第6页,按本模型正投影生成，保留实际可见轮廓；无文字、材质和阴影。
62,asset-28192911,SI2.0,1.8米配件边柜(H1.3米),背面品牌字,对应,高（类型）,SI2:139,开放式配件架、深灰围边，柜高1300；非带产品托盘的900高边柜,配件柜,组#673,1,素材库/04_assets/incoming/split-20260925-v2/asset-28192911/selected-20260925-215450/prop-instance.skp,SI2.0/SI2.0_1.8米配件边柜(H1.3米)_背面品牌字__asset-28192911.skp,"[1800.0, 721.3, 1300.0]",8cc78cea46aeba47f9dd8cb3ee137a574cd8df08c5e2466f40e420a48521493c,8cc78cea46aeba47f9dd8cb3ee137a574cd8df08c5e2466f40e420a48521493c,passed,软装物料,SI2.0,28,,,本轮未找到可确认的同规格、同用途平面图例；不使用相近尺寸冒充
63,asset-33660153,SI2.0,1.8米配件边柜(带托盘),产品陈列款,对应,高（类型）,SI2:132,开放配件陈列面、900高台体和3个产品托盘,配件柜,组#719,1,素材库/04_assets/incoming/split-20260925-v2/asset-33660153/selected-20260925-215453/prop-instance.skp,SI2.0/SI2.0_1.8米配件边柜(带托盘)_产品陈列款__asset-33660153.skp,"[1800.0, 531.3, 1214.39]",099775fbf2103c7a729673e55c821cd70697a3e08793ceca6f459648c5108212,099775fbf2103c7a729673e55c821cd70697a3e08793ceca6f459648c5108212,passed,软装物料,SI2.0,29,平面图例/纯净版/asset-33660153.png,各门店图纸/青岛城阳万象汇授权体验店.pdf 第6页,按本模型正投影生成，保留实际可见轮廓；无文字、材质和阴影。
49,asset-15903874,SI2.0,字母凳,4件组合,对应,高（类型）,SI2:126,深灰外壳与灰色软垫，单件高450；整体组合不拆成4份,座椅组合,组#383,1,素材库/04_assets/incoming/split-20260925-v2/asset-15903874/selected-20260925-212558/prop-instance.skp,SI2.0/SI2.0_字母凳_4件组合__asset-15903874.skp,"[1300.85, 1100.4, 450.0]",7e199016bb1216ed0a6406d83d86674c224497f1a589a620ac9de426afee8efa,7e199016bb1216ed0a6406d83d86674c224497f1a589a620ac9de426afee8efa,passed,软装物料,SI2.0,30,平面图例/纯净版/asset-15903874.png,各门店图纸/深圳卓悦中心.pdf 第13页,按本模型正投影生成，保留实际可见轮廓；无文字、材质和阴影。
79,asset-36929204,SI2.0,徕卡墙画面与标识组合,1.99米及1.2米_不含背墙,变体,中（家族或变体）,SI2:127-128,两个独立画框及徕卡标识组合；不是完整3米徕卡墙,宣传画板,组#822,1,素材库/04_assets/incoming/split-20260925-v2/asset-36929204/selected-20260925-215634/prop-instance.skp,SI2.0/SI2.0_徕卡墙画面与标识组合_1.99米及1.2米_不含背墙__asset-36929204.skp,"[3489.38, 16.42, 1508.13]",ec277d72d0d1e9ba89092565aca3699afd2d70e328dc7ac04be89c1c9143679d,ec277d72d0d1e9ba89092565aca3699afd2d70e328dc7ac04be89c1c9143679d,passed,软装物料,SI2.0,31,平面图例/纯净版/asset-36929204.png,各门店图纸/南昌武商mall.pdf 第15页,按本模型正投影生成，保留实际可见轮廓；无文字、材质和阴影。已简化陈列小件或立体标识。
51,asset-16510684,SI2.0,试飞台,直径800_H921变体,变体,中（家族或变体）,SI2:134,圆形深灰台体配银色圆柱脚；标准H900，模型总高921,展台,组#429,1,素材库/04_assets/incoming/split-20260925-v2/asset-16510684/selected-20260925-215230/prop-instance.skp,SI2.0/SI2.0_试飞台_直径800_H921变体__asset-16510684.skp,"[799.95, 798.93, 921.0]",5aceed05c72119bcc30fce87377133f74671bc1468b944130205696a5e673202,5aceed05c72119bcc30fce87377133f74671bc1468b944130205696a5e673202,passed,软装物料,SI2.0,32,平面图例/纯净版/asset-16510684.png,各门店图纸/佛山禅西环宇城授权体验店.pdf 第6页,按本模型正投影生成，保留实际可见轮廓；无文字、材质和阴影。
75,asset-36882381,SI2.0,产品展示台,600mm方台_空台_非标延展,非标,中（家族或变体）,SI2案例参考;D03无独立款,深灰围边白台面与SI2家族相近，但不在标准道具清单，不能当试飞台,展台,组#816,1,素材库/04_assets/incoming/split-20260925-v2/asset-36882381/selected-20260925-215555/prop-instance.skp,SI2.0/SI2.0_产品展示台_600mm方台_空台_非标延展__asset-36882381.skp,"[600.0, 600.0, 900.0]",b6edf7b0896b701a7dc36645b59f4a4ea368818c8be86bec42ec2d0dcd8e0801,b6edf7b0896b701a7dc36645b59f4a4ea368818c8be86bec42ec2d0dcd8e0801,passed,软装物料,SI2.0,33,,,本轮未找到可确认的同规格、同用途平面图例；不使用相近尺寸冒充
80,asset-37747693,SI2.0,产品展示台,600mm方台_GOULTRA_非标延展,非标,中（家族或变体）,SI2案例参考;D03无独立款,方台配GOULTRA产品，非直径800圆形试飞台,展台,组#886,1,素材库/04_assets/incoming/split-20260925-v2/asset-37747693/selected-20260925-215637/prop-instance.skp,SI2.0/SI2.0_产品展示台_600mm方台_GOULTRA_非标延展__asset-37747693.skp,"[600.0, 600.75, 1157.4]",23c81098c7c917d79ff5ebbe886e04a2d2dc95b849127bb749e34a8cdf7406de,23c81098c7c917d79ff5ebbe886e04a2d2dc95b849127bb749e34a8cdf7406de,passed,软装物料,SI2.0,34,,,本轮未找到可确认的同规格、同用途平面图例；不使用相近尺寸冒充
81,asset-37747692,SI2.0,产品展示台,600mm方台_X5_非标延展,非标,中（家族或变体）,SI2案例参考;D03无独立款,方台配X5，产品伸出高度不作为台高,展台,组#887,1,素材库/04_assets/incoming/split-20260925-v2/asset-37747692/selected-20260925-215646/prop-instance.skp,SI2.0/SI2.0_产品展示台_600mm方台_X5_非标延展__asset-37747692.skp,"[600.0, 600.75, 1279.87]",2e0538663a05378cda581374ae27e6965fef4b03bc46c7e19cfd6a886ed1e656,2e0538663a05378cda581374ae27e6965fef4b03bc46c7e19cfd6a886ed1e656,passed,软装物料,SI2.0,35,,,本轮未找到可确认的同规格、同用途平面图例；不使用相近尺寸冒充
82,asset-37747691,SI2.0,产品展示台,600mm方台_ANTIGRAVITY_非标延展,非标,中（家族或变体）,SI2案例参考;D03无独立款,方台配无人机和飞行眼镜，区别于圆形试飞台,展台,组#888,1,素材库/04_assets/incoming/split-20260925-v2/asset-37747691/selected-20260925-215700/prop-instance.skp,SI2.0/SI2.0_产品展示台_600mm方台_ANTIGRAVITY_非标延展__asset-37747691.skp,"[600.0, 602.85, 1162.53]",4f61e3a4e8be422a821fa6b54fa5b368466f2b739caf1d1fa836f4a04f088b90,4f61e3a4e8be422a821fa6b54fa5b368466f2b739caf1d1fa836f4a04f088b90,passed,软装物料,SI2.0,36,,,本轮未找到可确认的同规格、同用途平面图例；不使用相近尺寸冒充
36,asset-3356837,非标,休闲沙发,黑色双人款_2000mm,非标,中（家族或变体）,无独立标准款,独立黑色沙发，未在标准道具清单中找到同款,沙发,组#299,1,素材库/04_assets/incoming/split-20260925-v2/asset-3356837/selected-20260925-212257/prop-instance.skp,非标/非标_休闲沙发_黑色双人款_2000mm__asset-3356837.skp,"[2000.0, 971.0, 829.0]",a173c3c501f93402c979c4025c54f7c7bc0360f2967c5aa6c79d86b350df1ba1,a173c3c501f93402c979c4025c54f7c7bc0360f2967c5aa6c79d86b350df1ba1,passed,软装物料,SI待确认,37,,,本轮未找到可确认的同规格、同用途平面图例；不使用相近尺寸冒充
59,asset-28034994,非标,中岛陈列柜组合,白色_带配件柜及产品屏,非标,中（家族或变体）,SI1-part2案例参考,一体式双面配件展示与屏幕组合，不能命名为标准1800中岛桌,多柜组合,组#639,1,素材库/04_assets/incoming/split-20260925-v2/asset-28034994/selected-20260925-215258/prop-instance.skp,非标/非标_中岛陈列柜组合_白色_带配件柜及产品屏__asset-28034994.skp,"[1002.71, 1806.77, 1432.07]",45a51b91c80605c6c2e9c2719185819a87688fb83d13cbaa6717eb3dd5d7aa2f,45a51b91c80605c6c2e9c2719185819a87688fb83d13cbaa6717eb3dd5d7aa2f,passed,软装物料,SI待确认,38,,,本轮未找到可确认的同规格、同用途平面图例；不使用相近尺寸冒充
1,asset-316267,通用,广告机,75寸横屏_滑雪画面,通用,高（类型）,SI1-part3:24;SI2:44,可见屏体1690×958，约75寸；画面不是SI版本依据,屏幕灯箱,组#645,2,素材库/04_assets/incoming/split-20260925-v2/asset-316267/selected-20260925-212106/prop-instance.skp,通用/通用_广告机_75寸横屏_滑雪画面__asset-316267.skp,"[1690.0, 50.0, 958.0]",1d6fca7030f480c56b9d2be971b589a28405605a69f681524e55664b81f7f57a,1d6fca7030f480c56b9d2be971b589a28405605a69f681524e55664b81f7f57a,passed,信息化物料,,39,平面图例/纯净版/asset-316267.png,各门店图纸/南昌武商mall.pdf 第15页,按本模型正投影生成，保留实际可见轮廓；无文字、材质和阴影。
13,asset-957634,通用,广告机,75寸横屏_旋转实例A,通用,高（类型）,SI1-part3:24;SI2:44,1690×958屏体，源实例旋转，不按世界包围盒高度2400命名,屏幕灯箱,组#71,1,素材库/04_assets/incoming/split-20260925-v2/asset-957634/selected-20260925-212151/prop-instance.skp,通用/通用_广告机_75寸横屏_旋转实例A__asset-957634.skp,"[50.0, 1690.0, 958.0]",25ed246bea410978064a1ba0738912ad7e74d4108faa01cc8c3ed9fd255f70c2,25ed246bea410978064a1ba0738912ad7e74d4108faa01cc8c3ed9fd255f70c2,passed,信息化物料,,40,平面图例/纯净版/asset-957634.png,各门店图纸/南昌武商mall.pdf 第15页,按本模型正投影生成，保留实际可见轮廓；无文字、材质和阴影。
22,asset-2245165,通用,广告机,75寸横屏_滑雪画面B,通用,高（类型）,SI1-part3:24;SI2:44,与其他屏保留独立asset_id及材质实例，不合并,屏幕灯箱,组#104,1,素材库/04_assets/incoming/split-20260925-v2/asset-2245165/selected-20260925-212227/prop-instance.skp,通用/通用_广告机_75寸横屏_滑雪画面B__asset-2245165.skp,"[1690.0, 50.0, 958.0]",ce2ec5983b6ca52b7a0fa05c41190bb58d015730798d40d15f69b7c3d9ffc796,ce2ec5983b6ca52b7a0fa05c41190bb58d015730798d40d15f69b7c3d9ffc796,passed,信息化物料,,41,平面图例/纯净版/asset-2245165.png,各门店图纸/南昌武商mall.pdf 第15页,按本模型正投影生成，保留实际可见轮廓；无文字、材质和阴影。
25,asset-2500908,通用,广告机,98寸横屏_滑雪画面,通用,高（类型）,SI1-part3:24;SI2:44,2190×1300可见整体，按98寸级屏分类；整体尺寸含外框,屏幕灯箱,组#69,2,素材库/04_assets/incoming/split-20260925-v2/asset-2500908/selected-20260925-212235/prop-instance.skp,通用/通用_广告机_98寸横屏_滑雪画面__asset-2500908.skp,"[2190.0, 200.0, 1300.0]",dbc1b434bd9d5c6d1cfa459aa02ee1739dc0d01a9f926dab92fc63c32c16b0b7,dbc1b434bd9d5c6d1cfa459aa02ee1739dc0d01a9f926dab92fc63c32c16b0b7,passed,信息化物料,,42,平面图例/纯净版/asset-2500908.png,各门店图纸/上海五角场万达授权体验店.pdf 第1页,按本模型正投影生成，保留实际可见轮廓；无文字、材质和阴影。
28,asset-2595839,通用,广告机,75寸竖屏_滑雪画面,通用,高（类型）,SI2:48,958×1690竖向屏体,屏幕灯箱,组#244,2,素材库/04_assets/incoming/split-20260925-v2/asset-2595839/selected-20260925-212240/prop-instance.skp,通用/通用_广告机_75寸竖屏_滑雪画面__asset-2595839.skp,"[958.0, 50.0, 1690.0]",b996eaf4e8c25fd47f3efa10f1a47fa0c38c8ea8ac5d7c53e3236d741c2e950c,b996eaf4e8c25fd47f3efa10f1a47fa0c38c8ea8ac5d7c53e3236d741c2e950c,passed,信息化物料,,43,平面图例/纯净版/asset-2595839.png,各门店图纸/乌鲁木齐德汇万达（边厅改中岛）.pdf 第8页,按本模型正投影生成，保留实际可见轮廓；无文字、材质和阴影。
30,asset-2597250,通用,广告机,55寸竖屏,通用,高（类型）,SI1-part3:24;SI2:44,可见屏体约717×1235，55寸级竖屏,屏幕灯箱,组#249,2,素材库/04_assets/incoming/split-20260925-v2/asset-2597250/selected-20260925-212244/prop-instance.skp,通用/通用_广告机_55寸竖屏__asset-2597250.skp,"[717.0, 71.0, 1235.0]",256afae31edba113719e59e6df4574a57dcc33baec830ac4137c9d04e8c6c5ac,256afae31edba113719e59e6df4574a57dcc33baec830ac4137c9d04e8c6c5ac,passed,信息化物料,,44,平面图例/纯净版/asset-2597250.png,各门店图纸/青岛城阳万象汇授权体验店.pdf 第6页,按本模型正投影生成，保留实际可见轮廓；无文字、材质和阴影。
33,asset-2932497,通用,广告机,86寸横屏_滑雪画面,通用,高（类型）,SI2:44,1930×1104屏体，86寸级横屏,屏幕灯箱,组#293,2,素材库/04_assets/incoming/split-20260925-v2/asset-2932497/selected-20260925-212251/prop-instance.skp,通用/通用_广告机_86寸横屏_滑雪画面__asset-2932497.skp,"[1930.0, 194.36, 1104.0]",872580e91c200db4e09e9230a3c99a9bc0d01e56059d4f7e676a97506de39aa8,872580e91c200db4e09e9230a3c99a9bc0d01e56059d4f7e676a97506de39aa8,passed,信息化物料,,45,平面图例/纯净版/asset-2932497.png,各门店图纸/上海TPY中心.pdf 第15页,按本模型正投影生成，保留实际可见轮廓；无文字、材质和阴影。
34,asset-3021147,通用,广告机,65寸横屏_滑雪画面,通用,高（类型）,SI2:44,1465×846屏体，65寸级横屏,屏幕灯箱,组#295,2,素材库/04_assets/incoming/split-20260925-v2/asset-3021147/selected-20260925-212253/prop-instance.skp,通用/通用_广告机_65寸横屏_滑雪画面__asset-3021147.skp,"[1465.0, 116.46, 846.0]",376e2bdead3246dd7bb4b7d6845494d730d7b5a47b829f5922b5fe46ed77820e,376e2bdead3246dd7bb4b7d6845494d730d7b5a47b829f5922b5fe46ed77820e,passed,信息化物料,,46,平面图例/纯净版/asset-3021147.png,各门店图纸/昆山商厦家电市场照材专卖店（扩店）.pdf 第10页,按本模型正投影生成，保留实际可见轮廓；无文字、材质和阴影。
41,asset-11479197,通用,广告机,75寸横屏_无人机画面,通用,高（类型）,SI2:44,1690×958屏体，画面区分实例,屏幕灯箱,组#391,2,素材库/04_assets/incoming/split-20260925-v2/asset-11479197/selected-20260925-212408/prop-instance.skp,通用/通用_广告机_75寸横屏_无人机画面__asset-11479197.skp,"[1690.0, 50.0, 958.0]",ae87eae2bc7252f89b583497f6de93f06c9af6ae17e9a9f4f394a94d946c2eff,ae87eae2bc7252f89b583497f6de93f06c9af6ae17e9a9f4f394a94d946c2eff,passed,信息化物料,,47,平面图例/纯净版/asset-11479197.png,各门店图纸/南昌武商mall.pdf 第15页,按本模型正投影生成，保留实际可见轮廓；无文字、材质和阴影。
42,asset-11479198,通用,广告机,75寸横屏_建筑画面,通用,高（类型）,SI2:44,1690×958屏体，保留材质画面,屏幕灯箱,组#390,2,素材库/04_assets/incoming/split-20260925-v2/asset-11479198/selected-20260925-212410/prop-instance.skp,通用/通用_广告机_75寸横屏_建筑画面__asset-11479198.skp,"[1690.0, 50.0, 958.0]",b2749a57b0763fea20c35f26221b5025b13c7d64342845294306b16ff4082824,b2749a57b0763fea20c35f26221b5025b13c7d64342845294306b16ff4082824,passed,信息化物料,,48,平面图例/纯净版/asset-11479198.png,各门店图纸/南昌武商mall.pdf 第15页,按本模型正投影生成，保留实际可见轮廓；无文字、材质和阴影。
45,asset-11525433,通用,广告机,86寸横屏_单板滑雪画面,通用,高（类型）,SI2:44,1930×1104屏体，86寸级横屏,屏幕灯箱,组#387,1,素材库/04_assets/incoming/split-20260925-v2/asset-11525433/selected-20260925-212418/prop-instance.skp,通用/通用_广告机_86寸横屏_单板滑雪画面__asset-11525433.skp,"[1930.0, 194.36, 1104.0]",159697c3dea58abc0d0c94683444e90e299669cbc3fa0cf7b0e30980e755e98b,159697c3dea58abc0d0c94683444e90e299669cbc3fa0cf7b0e30980e755e98b,passed,信息化物料,,49,平面图例/纯净版/asset-11525433.png,各门店图纸/上海TPY中心.pdf 第15页,按本模型正投影生成，保留实际可见轮廓；无文字、材质和阴影。
60,asset-28104668,通用,广告机,横屏_1142x645非标规格,非标,中（家族或变体）,SI2:44,可见屏体尺寸不足以确认为手册列出的55寸，不强套标准尺寸,屏幕灯箱,组#353,1,素材库/04_assets/incoming/split-20260925-v2/asset-28104668/selected-20260925-215445/prop-instance.skp,通用/通用_广告机_横屏_1142x645非标规格__asset-28104668.skp,"[78.58, 1142.0, 645.0]",dc209badbc4026bc73fbd1fb9c72e5679b21493f54baca2bc3172d20be4c850d,dc209badbc4026bc73fbd1fb9c72e5679b21493f54baca2bc3172d20be4c850d,passed,信息化物料,,50,,,本轮未找到可确认的同规格、同用途平面图例；不使用相近尺寸冒充
61,asset-28115483,通用,广告机,75寸横屏_单板滑雪画面,通用,高（类型）,SI2:44,1690×958屏体，独立画面版本,屏幕灯箱,组#245,1,素材库/04_assets/incoming/split-20260925-v2/asset-28115483/selected-20260925-215447/prop-instance.skp,通用/通用_广告机_75寸横屏_单板滑雪画面__asset-28115483.skp,"[1690.0, 50.0, 958.0]",29afe80feb87edeb990a722df17931494c99384e0c0fba88a4fbfbe09529533c,29afe80feb87edeb990a722df17931494c99384e0c0fba88a4fbfbe09529533c,passed,信息化物料,,51,平面图例/纯净版/asset-28115483.png,各门店图纸/南昌武商mall.pdf 第15页,按本模型正投影生成，保留实际可见轮廓；无文字、材质和阴影。
90,asset-37758059,通用,广告机,75寸横屏_滑雪画面C_精度保留实例,通用,高（类型）,SI2:44,保留原双层精度包装及实例缩放；不能用定义版替换,屏幕灯箱,组#104,1,素材库/04_assets/incoming/split-20260925-v2/asset-37758059/selected-20260925-222728/prop-instance.skp,通用/通用_广告机_75寸横屏_滑雪画面C_精度保留实例__asset-37758059.skp,"[1691.0, 50.0, 958.0]",a04d2e14855f27e3f5f11a500f9aaf5d6762774683a6739e5d5201405ced3e9a,a04d2e14855f27e3f5f11a500f9aaf5d6762774683a6739e5d5201405ced3e9a,passed,信息化物料,,52,平面图例/纯净版/asset-37758059.png,各门店图纸/南昌武商mall.pdf 第15页,按本模型正投影生成，保留实际可见轮廓；无文字、材质和阴影。
14,asset-958185,通用,电子水牌,43寸_H1650_旋转实例,变体,中（家族或变体）,SI1-part4:26,落地屏与底座形制一致；标准H1641，现有H1650,展示立牌,组#294,2,素材库/04_assets/incoming/split-20260925-v2/asset-958185/selected-20260925-212154/prop-instance.skp,通用/通用_电子水牌_43寸_H1650_旋转实例__asset-958185.skp,"[638.08, 535.78, 1650.0]",696ebd70ec8940b554694775d6952c01170d66cab07584190d85b795035c0a53,696ebd70ec8940b554694775d6952c01170d66cab07584190d85b795035c0a53,passed,信息化物料,,53,平面图例/纯净版/asset-958185.png,各门店图纸/西安开元商场.pdf 第11页,按本模型正投影生成，保留实际可见轮廓；无文字、材质和阴影。
27,asset-2587726,通用,电子水牌,43寸_H1650,变体,中（家族或变体）,SI1-part4:26,550×350×1650，与SI1电子水牌高度相差9mm,展示立牌,组#5,2,素材库/04_assets/incoming/split-20260925-v2/asset-2587726/selected-20260925-212239/prop-instance.skp,通用/通用_电子水牌_43寸_H1650__asset-2587726.skp,"[550.0, 350.0, 1650.0]",76baafdc999ae5b89b79a34f4873f23457cf7bb342282b66f3bd6af66b0cc6f7,76baafdc999ae5b89b79a34f4873f23457cf7bb342282b66f3bd6af66b0cc6f7,passed,信息化物料,,54,平面图例/纯净版/asset-2587726.png,各门店图纸/西安开元商场.pdf 第11页,按本模型正投影生成，保留实际可见轮廓；无文字、材质和阴影。
24,asset-2463847,通用,LED门头屏,约7000mm_滑雪全景,非标,中（家族或变体）,SI2:8-15,长条门头画面屏，定制长度约7米,屏幕灯箱,组#188,1,素材库/04_assets/incoming/split-20260925-v2/asset-2463847/selected-20260925-212233/prop-instance.skp,通用/通用_LED门头屏_约7000mm_滑雪全景__asset-2463847.skp,"[6999.64, 434.51, 754.5]",217debe3783df069162b54ab01146278e7a2743e93da7839a74b9dc507fc1c62,217debe3783df069162b54ab01146278e7a2743e93da7839a74b9dc507fc1c62,passed,信息化物料,,55,,,本轮未找到可确认的同规格、同用途平面图例；不使用相近尺寸冒充
47,asset-11525629,通用,LED门头屏,4614mm_落日画面,非标,中（家族或变体）,SI2:8-15,长条门头显示屏，非标准家具,屏幕灯箱,组#403,1,素材库/04_assets/incoming/split-20260925-v2/asset-11525629/selected-20260925-212421/prop-instance.skp,通用/通用_LED门头屏_4614mm_落日画面__asset-11525629.skp,"[4614.0, 160.08, 640.0]",7feb2c96e70cc3c74c2b0d82b419511a82fd5ced841d73b86baddd31dccad099,7feb2c96e70cc3c74c2b0d82b419511a82fd5ced841d73b86baddd31dccad099,passed,信息化物料,,56,,,本轮未找到可确认的同规格、同用途平面图例；不使用相近尺寸冒充
44,asset-11511980,非标,曲面LED屏,冰川画面_长条弯折款,非标,中（家族或变体）,SI2:8-15,弯折长条显示构件，不是桌柜或普通广告机,屏幕灯箱,组#400,1,素材库/04_assets/incoming/split-20260925-v2/asset-11511980/selected-20260925-212414/prop-instance.skp,非标/非标_曲面LED屏_冰川画面_长条弯折款__asset-11511980.skp,"[820.85, 3398.0, 598.0]",69369a37bf49cf26671d7df337c085e8278037aae25b20343bb22390ccc0d754,69369a37bf49cf26671d7df337c085e8278037aae25b20343bb22390ccc0d754,passed,信息化物料,,57,,,本轮未找到可确认的同规格、同用途平面图例；不使用相近尺寸冒充
17,asset-1567211,非标,橱窗场景道具,柯基犬_带运动相机,非标,中（家族或变体）,无独立标准款,犬体及相机背带场景装饰，不是标准家具,装饰展品,组#99,1,素材库/04_assets/incoming/split-20260925-v2/asset-1567211/selected-20260925-212200/prop-instance.skp,非标/非标_橱窗场景道具_柯基犬_带运动相机__asset-1567211.skp,"[498.78, 273.26, 445.83]",b6884396ec5066cd51d721230bb441e9b2f36f65510c529563459263df1165de,b6884396ec5066cd51d721230bb441e9b2f36f65510c529563459263df1165de,passed,展陈物料,,58,,,本轮未找到可确认的独立平面符号
84,asset-40808068,SI2.0,橱窗场景道具,骑行模特及自行车_非标组合,非标,中（家族或变体）,"SI2:51,93",骑行场景造型与SI2案例对应，尺寸和姿态为现有模型变体,装饰展品,组#898,1,素材库/04_assets/incoming/split-20260925-v2/asset-40808068/selected-20260925-215705/prop-instance.skp,SI2.0/SI2.0_橱窗场景道具_骑行模特及自行车_非标组合__asset-40808068.skp,"[872.47, 1910.47, 1890.91]",d5d8a1c1e8bd1948613aeeab8cc97ed5826d97496dd45f5cbe3e951e4116bbf4,d5d8a1c1e8bd1948613aeeab8cc97ed5826d97496dd45f5cbe3e951e4116bbf4,passed,展陈物料,,59,,,本轮未找到可确认的独立平面符号
85,asset-40888228,SI2.0,橱窗场景道具,橙色岩石_双组_非标组合,非标,中（家族或变体）,"SI2:51,66,93",场景造景岩石，与手册案例有对应；不作为标准家具尺寸款,装饰展品,组#902,1,素材库/04_assets/incoming/split-20260925-v2/asset-40888228/selected-20260925-215802/prop-instance.skp,SI2.0/SI2.0_橱窗场景道具_橙色岩石_双组_非标组合__asset-40888228.skp,"[2573.67, 2687.98, 798.66]",186f38fa40713df21b01735641620ec837d708f38908223823709f1e16ee1d71,186f38fa40713df21b01735641620ec837d708f38908223823709f1e16ee1d71,passed,展陈物料,,60,,,本轮未找到可确认的独立平面符号
18,asset-1688589,非标,橱窗模特,头盔赛车服人台,非标,中（家族或变体）,SI1-part2:25-95案例,人物穿赛车服和头盔；案例型展陈，非标准道具尺寸表,装饰展品,组#100,1,素材库/04_assets/incoming/split-20260925-v2/asset-1688589/selected-20260925-212213/prop-instance.skp,非标/非标_橱窗模特_头盔赛车服人台__asset-1688589.skp,"[467.14, 512.98, 1764.32]",d906169950fc47753bba42bcf463b6a240c45e77c1dd991a332bb7b53aef0ebd,d906169950fc47753bba42bcf463b6a240c45e77c1dd991a332bb7b53aef0ebd,passed,展陈物料,,61,,,本轮未找到可确认的独立平面符号
20,asset-1691382,非标,产品放大模型,X3相机,非标,中（家族或变体）,无独立标准款,相机机身放大展陈，原定义X3；高约767mm,装饰展品,X3#1,1,素材库/04_assets/incoming/split-20260925-v2/asset-1691382/selected-20260925-212219/prop-instance.skp,非标/非标_产品放大模型_X3相机__asset-1691382.skp,"[302.13, 321.35, 767.16]",173e23cdfbf38d2d2887b1801e5c000ef3f7522b2b02aa53be6b921faa47ac4c,173e23cdfbf38d2d2887b1801e5c000ef3f7522b2b02aa53be6b921faa47ac4c,passed,展陈物料,,62,,,本轮未找到可确认的独立平面符号
19,asset-1688590,非标,产品标识,X5立体字,非标,中（家族或变体）,无独立标准款,X5产品名称立体字，不是品牌主LOGO,品牌标识,Editable 3D Text#2,1,素材库/04_assets/incoming/split-20260925-v2/asset-1688590/selected-20260925-212218/prop-instance.skp,非标/非标_产品标识_X5立体字__asset-1688590.skp,"[412.26, 412.26, 359.36]",fce3a83336a3deab7f3ae7259cb1e69d537ea6f90b960406d858223dced97bac,fce3a83336a3deab7f3ae7259cb1e69d537ea6f90b960406d858223dced97bac,passed,展陈物料,,63,,,本轮未找到可确认的独立平面符号
35,asset-3147733,通用,LOGO画面,Insta360_500x100_平面,通用,高（类型）,SI1-part1:1-14,平面品牌字标，不包含立体字厚度,品牌标识,组#296,1,素材库/04_assets/incoming/split-20260925-v2/asset-3147733/selected-20260925-212255/prop-instance.skp,通用/通用_LOGO画面_Insta360_500x100_平面__asset-3147733.skp,"[500.0, 0.0, 100.0]",a15e1b54e166c513e8740b290d0743b7c50e6ccd5e27e2d16d2499df5429356f,a15e1b54e166c513e8740b290d0743b7c50e6ccd5e27e2d16d2499df5429356f,passed,展陈物料,,64,,,本轮未找到可确认的独立平面符号
15,asset-1129848,通用,吊挂LOGO,影石Insta360始于敢想_1267mm,通用,高（类型）,SI1-part3:11-16;SI2:8,中文英文及口号组合，含吊杆,品牌标识,组#67,1,素材库/04_assets/incoming/split-20260925-v2/asset-1129848/selected-20260925-212155/prop-instance.skp,通用/通用_吊挂LOGO_影石Insta360始于敢想_1267mm__asset-1129848.skp,"[1266.5, 35.91, 607.91]",2407cf938b42886ed38747cd84ccba8f288c91e1a840224fd1a27fa06c85c7a7,2407cf938b42886ed38747cd84ccba8f288c91e1a840224fd1a27fa06c85c7a7,passed,展陈物料,,65,,,本轮未找到可确认的独立平面符号
68,asset-33917980,通用,吊挂LOGO,影石Insta360_1867mm_短吊杆,通用,高（类型）,SI1-part3:16;SI2:8,品牌字和短吊杆整体,品牌标识,组#732,1,素材库/04_assets/incoming/split-20260925-v2/asset-33917980/selected-20260925-215509/prop-instance.skp,通用/通用_吊挂LOGO_影石Insta360_1867mm_短吊杆__asset-33917980.skp,"[1866.77, 64.18, 499.61]",c4840be4a99e40545c6be94b5f9a846baac6ea29df92e909bf94c1c16436b4b0,c4840be4a99e40545c6be94b5f9a846baac6ea29df92e909bf94c1c16436b4b0,passed,展陈物料,,66,,,本轮未找到可确认的独立平面符号
69,asset-33937175,通用,吊挂LOGO,影石Insta360_1778mm_长吊杆,通用,高（类型）,SI1-part3:16;SI2:8,长吊杆增加总高，不按总高当字高,品牌标识,组#740,1,素材库/04_assets/incoming/split-20260925-v2/asset-33937175/selected-20260925-215511/prop-instance.skp,通用/通用_吊挂LOGO_影石Insta360_1778mm_长吊杆__asset-33937175.skp,"[1777.82, 124.21, 1596.34]",bf227ec8b1989115c7373657cd6345628c78178f2f8b1a04b73eeac769b6577d,bf227ec8b1989115c7373657cd6345628c78178f2f8b1a04b73eeac769b6577d,passed,展陈物料,,67,,,本轮未找到可确认的独立平面符号
39,asset-6952129,通用,墙面LOGO,影石Insta360始于敢想_1267mm_A,通用,高（类型）,SI1-part3:33;SI2:38-42,无吊杆品牌口号组合,品牌标识,组#903,2,素材库/04_assets/incoming/split-20260925-v2/asset-6952129/selected-20260925-212404/prop-instance.skp,通用/通用_墙面LOGO_影石Insta360始于敢想_1267mm_A__asset-6952129.skp,"[1266.5, 20.91, 311.03]",bbcf62c32b2d5742fd1673acf2c4d793fee42ab317c90eb7d8a9db14c150bcf9,bbcf62c32b2d5742fd1673acf2c4d793fee42ab317c90eb7d8a9db14c150bcf9,passed,展陈物料,,68,,,本轮未找到可确认的独立平面符号
43,asset-11483499,通用,墙面LOGO,影翎ANTIGRAVITY_3155mm,通用,高（类型）,"SI2:116,124",影翎及ANTIGRAVITY品牌组合，不归影石主LOGO,品牌标识,33ddas,1,素材库/04_assets/incoming/split-20260925-v2/asset-11483499/selected-20260925-212413/prop-instance.skp,通用/通用_墙面LOGO_影翎ANTIGRAVITY_3155mm__asset-11483499.skp,"[3155.4, 50.0, 200.0]",9849909436ca7ad93aec245ffd5e5de41b277cc14ea39a925ce501482967a9de,9849909436ca7ad93aec245ffd5e5de41b277cc14ea39a925ce501482967a9de,passed,展陈物料,,69,,,本轮未找到可确认的独立平面符号
52,asset-20533337,通用,墙面LOGO,影石Insta360_3453mm,通用,高（类型）,SI1-part1:1-14;SI2:38-42,中文英文主标组合,品牌标识,组#642,1,素材库/04_assets/incoming/split-20260925-v2/asset-20533337/selected-20260925-215231/prop-instance.skp,通用/通用_墙面LOGO_影石Insta360_3453mm__asset-20533337.skp,"[3452.92, 50.02, 453.31]",5bf4c7acc356e7ba8436e433492968f7678719542c805ab6494d41d0dc0c8133,5bf4c7acc356e7ba8436e433492968f7678719542c805ab6494d41d0dc0c8133,passed,展陈物料,,70,,,本轮未找到可确认的独立平面符号
65,asset-33868332,通用,墙面LOGO,影石Insta360全景相机_4673mm,通用,高（类型）,SI1-part1:1-14,品牌加品类描述字，保留组合,品牌标识,组#119,2,素材库/04_assets/incoming/split-20260925-v2/asset-33868332/selected-20260925-215503/prop-instance.skp,通用/通用_墙面LOGO_影石Insta360全景相机_4673mm__asset-33868332.skp,"[4673.28, 50.0, 404.52]",f69bd89c6f0cb79dc215d15002ac0e63238196cd86d729ca6afac26357d2bd24,f69bd89c6f0cb79dc215d15002ac0e63238196cd86d729ca6afac26357d2bd24,passed,展陈物料,,71,,,本轮未找到可确认的独立平面符号
66,asset-33868330,通用,墙面LOGO,影石Insta360始于敢想_1266mm_B,通用,高（类型）,SI1-part3:33;SI2:38-42,无吊杆口号组合，不与尺寸相近实例合并,品牌标识,组#36,2,素材库/04_assets/incoming/split-20260925-v2/asset-33868330/selected-20260925-215505/prop-instance.skp,通用/通用_墙面LOGO_影石Insta360始于敢想_1266mm_B__asset-33868330.skp,"[1266.3, 21.83, 312.36]",38ae4dc75a9233dc2b3c8531348bb8e6f13fe1f4f03426d2fd9398cc9490e832,38ae4dc75a9233dc2b3c8531348bb8e6f13fe1f4f03426d2fd9398cc9490e832,passed,展陈物料,,72,,,本轮未找到可确认的独立平面符号
71,asset-34293910,通用,墙面LOGO,Insta360_Thinkbold_1092mm,通用,高（类型）,SI1-part1:1-14,英文品牌及口号,品牌标识,组#750,2,素材库/04_assets/incoming/split-20260925-v2/asset-34293910/selected-20260925-215520/prop-instance.skp,通用/通用_墙面LOGO_Insta360_Thinkbold_1092mm__asset-34293910.skp,"[1091.81, 20.0, 381.57]",e0aef01b44d62c0137f2960aa354769afa6ef62b89b0804d5d27c5bfbcf67244,e0aef01b44d62c0137f2960aa354769afa6ef62b89b0804d5d27c5bfbcf67244,passed,展陈物料,,73,,,本轮未找到可确认的独立平面符号
83,asset-37760531,通用,墙面LOGO,ANTIGRAVITY_2619mm,通用,高（类型）,"SI2:116,124",影翎英文品牌字标，不含影石中文字,品牌标识,组#897,1,素材库/04_assets/incoming/split-20260925-v2/asset-37760531/selected-20260925-215704/prop-instance.skp,通用/通用_墙面LOGO_ANTIGRAVITY_2619mm__asset-37760531.skp,"[2619.17, 50.0, 184.12]",b8c8ca9e513849f13c7db28f2e3c49d449102259167bfae90d874fa343491120,b8c8ca9e513849f13c7db28f2e3c49d449102259167bfae90d874fa343491120,passed,展陈物料,,74,,,本轮未找到可确认的独立平面符号
86,asset-40896298,通用,墙面LOGO,影石Insta360_2930mm,通用,高（类型）,SI1-part1:1-14;SI2:38-42,中文英文主LOGO,品牌标识,111111111111.dwg,2,素材库/04_assets/incoming/split-20260925-v2/asset-40896298/selected-20260925-215806/prop-instance.skp,通用/通用_墙面LOGO_影石Insta360_2930mm__asset-40896298.skp,"[2930.32, 50.0, 401.18]",94d6ef65c0d3bd9f62a1a892c7d06b7402ca347da1492559e0542cf25ea1e6d4,94d6ef65c0d3bd9f62a1a892c7d06b7402ca347da1492559e0542cf25ea1e6d4,passed,展陈物料,,75,,,本轮未找到可确认的独立平面符号
87,asset-40910342,通用,墙面LOGO,Insta360_2027mm,通用,高（类型）,SI1-part1:1-14,英文主LOGO,品牌标识,组#49,2,素材库/04_assets/incoming/split-20260925-v2/asset-40910342/selected-20260925-215808/prop-instance.skp,通用/通用_墙面LOGO_Insta360_2027mm__asset-40910342.skp,"[2026.85, 50.0, 385.13]",8d57ed896bd21aa3b89aa404f4c42055f841d3162313a0b9a8afbf7372839e77,8d57ed896bd21aa3b89aa404f4c42055f841d3162313a0b9a8afbf7372839e77,passed,展陈物料,,76,,,本轮未找到可确认的独立平面符号
5,asset-568756,通用,双面侧招,影石Insta360_600mm方牌,通用,高（类型）,SI1-part3:11-16;SI2:8,补看正反面确认双面品牌牌及侧安装支架；不是落地立牌,展示立牌,组#31,1,素材库/04_assets/incoming/split-20260925-v2/asset-568756/selected-20260925-212119/prop-instance.skp,通用/通用_双面侧招_影石Insta360_600mm方牌__asset-568756.skp,"[200.0, 730.69, 600.0]",9f7a6c8b4e1936ed89ccd3ebae97dab9725470352b51f201db8b9786a41d62af,9f7a6c8b4e1936ed89ccd3ebae97dab9725470352b51f201db8b9786a41d62af,passed,展陈物料,,77,,,本轮未找到可确认的独立平面符号
16,asset-1156409,通用,KV灯箱,GO3S竖版_933x1670,变体,中（家族或变体）,SI1-part3:31;SI2:44,有边框与厚度的竖版灯箱；规格非两套目录列示标准,宣传画板,组#96,1,素材库/04_assets/incoming/split-20260925-v2/asset-1156409/selected-20260925-212157/prop-instance.skp,通用/通用_KV灯箱_GO3S竖版_933x1670__asset-1156409.skp,"[933.0, 30.0, 1670.02]",f234ca56c55dc956c0f790f1100bfedbe9cbf659067a374e02a49f523dc40301,f234ca56c55dc956c0f790f1100bfedbe9cbf659067a374e02a49f523dc40301,passed,展陈物料,,78,,,本轮未找到可确认的独立平面符号
26,asset-2587203,通用,KV灯箱,GO3S横版_2200x1250,对应,高（类型）,SI2:44,灯箱实体与2200×1250规格一致，不能据此排他归SI2,宣传画板,组#243,1,素材库/04_assets/incoming/split-20260925-v2/asset-2587203/selected-20260925-212237/prop-instance.skp,通用/通用_KV灯箱_GO3S横版_2200x1250__asset-2587203.skp,"[2200.0, 120.0, 1250.0]",1bd9876a15fd507cde13aaf33fe005b015f9578d5121a55af8dbdcfef849bdf4,1bd9876a15fd507cde13aaf33fe005b015f9578d5121a55af8dbdcfef849bdf4,passed,展陈物料,,79,,,本轮未找到可确认的独立平面符号
40,asset-11478950,通用,KV灯箱,水下画面_933x2300_A,变体,中（家族或变体）,SI2:48,竖版实体灯箱；高2300，宽933非目录800或1200,宣传画板,组#386,1,素材库/04_assets/incoming/split-20260925-v2/asset-11478950/selected-20260925-212406/prop-instance.skp,通用/通用_KV灯箱_水下画面_933x2300_A__asset-11478950.skp,"[933.0, 30.0, 2300.0]",d591d83348a60164b951a0c525d1ae5c99f1a0f786ea865ee88ffe7f22de6f82,d591d83348a60164b951a0c525d1ae5c99f1a0f786ea865ee88ffe7f22de6f82,passed,展陈物料,,80,,,本轮未找到可确认的独立平面符号
46,asset-11525436,通用,KV灯箱,水下画面_933x2300_B,变体,中（家族或变体）,SI2:48,保留第二个独立实例及其原有变换,宣传画板,组#401,1,素材库/04_assets/incoming/split-20260925-v2/asset-11525436/selected-20260925-212420/prop-instance.skp,通用/通用_KV灯箱_水下画面_933x2300_B__asset-11525436.skp,"[933.0, 30.0, 2300.0]",f16d1f14daf53c06d1c1c62e33aeb26172eea5f0a1adb1db3e0c3dfe78d79e74,f16d1f14daf53c06d1c1c62e33aeb26172eea5f0a1adb1db3e0c3dfe78d79e74,passed,展陈物料,,81,,,本轮未找到可确认的独立平面符号
7,asset-569211,非标,KV画面,AcePro2_1200x1500_平面,非标,中（家族或变体）,无独立标准款,厚度为零的广告画面，不按完整灯箱命名,宣传画板,组#4,2,素材库/04_assets/incoming/split-20260925-v2/asset-569211/selected-20260925-212135/prop-instance.skp,非标/非标_KV画面_AcePro2_1200x1500_平面__asset-569211.skp,"[1200.0, 0.0, 1500.0]",50a74b1a616a513d6a36fb8cb8e092fb71a794dcf31e44bfcfd22e6bcc05b9f9,50a74b1a616a513d6a36fb8cb8e092fb71a794dcf31e44bfcfd22e6bcc05b9f9,passed,展陈物料,,82,,,本轮未找到可确认的独立平面符号
10,asset-754006,非标,KV画面,AcePro2_1700x980_平面,非标,中（家族或变体）,SI2:44,画幅对应灯箱规格，但模型仅平面画面，不含灯箱结构,宣传画板,组#3,1,素材库/04_assets/incoming/split-20260925-v2/asset-754006/selected-20260925-212146/prop-instance.skp,非标/非标_KV画面_AcePro2_1700x980_平面__asset-754006.skp,"[1700.0, 980.0, 0.0]",006dba82f4f1c150c7282c7756c458df48591f78c00bccc06f91a87e300a5d9b,006dba82f4f1c150c7282c7756c458df48591f78c00bccc06f91a87e300a5d9b,passed,展陈物料,,83,,,本轮未找到可确认的独立平面符号
11,asset-754909,通用,轨道射灯,单灯_灰色,通用,高（类型）,SI2:29-34,圆锥灯头和支架，灯具不是软装柜体,灯具组合,组件#1,1,素材库/04_assets/incoming/split-20260925-v2/asset-754909/selected-20260925-212148/prop-instance.skp,通用/通用_轨道射灯_单灯_灰色__asset-754909.skp,"[200.0, 200.0, 244.0]",20eebf3ba5f49f6346f8a3dcb197d791bf76b8486ab52a659c3e39027a114c40,20eebf3ba5f49f6346f8a3dcb197d791bf76b8486ab52a659c3e39027a114c40,passed,展陈物料,,84,,,本轮未找到可确认的独立平面符号
12,asset-775543,通用,轨道射灯组合,1500mm轨道,通用,高（类型）,SI2:29-34,黑色线性轨道配多个灰色灯头,灯具组合,组#14,1,素材库/04_assets/incoming/split-20260925-v2/asset-775543/selected-20260925-212149/prop-instance.skp,通用/通用_轨道射灯组合_1500mm轨道__asset-775543.skp,"[200.0, 1500.0, 426.52]",19e17c97d20605e8af8e25465ecd8292c2749a7db205871712d34e51692a0cce,19e17c97d20605e8af8e25465ecd8292c2749a7db205871712d34e51692a0cce,passed,展陈物料,,85,,,本轮未找到可确认的独立平面符号
31,asset-2908609,通用,轨道射灯组合,750mm轨道,通用,高（类型）,SI2:29-34,750mm短轨灯组,灯具组合,组#280,1,素材库/04_assets/incoming/split-20260925-v2/asset-2908609/selected-20260925-212246/prop-instance.skp,通用/通用_轨道射灯组合_750mm轨道__asset-2908609.skp,"[200.0, 750.0, 426.52]",05372eb6cf64e91f8832c98b5b40de42641bf2a1cd9b94f3a23606f7fad73ad3,05372eb6cf64e91f8832c98b5b40de42641bf2a1cd9b94f3a23606f7fad73ad3,passed,展陈物料,,86,,,本轮未找到可确认的独立平面符号
32,asset-2932358,通用,轨道射灯组合,四轨组合,通用,高（类型）,SI2:29-34,多轨灯具整体保留，不重新拆件,灯具组合,组#292,1,素材库/04_assets/incoming/split-20260925-v2/asset-2932358/selected-20260925-212248/prop-instance.skp,通用/通用_轨道射灯组合_四轨组合__asset-2932358.skp,"[4400.0, 4015.99, 370.59]",ddf235b6736df0fe66b146ef476735333d90521c372397208af5cb8dd1d803c6,ddf235b6736df0fe66b146ef476735333d90521c372397208af5cb8dd1d803c6,passed,展陈物料,,87,,,本轮未找到可确认的独立平面符号
67,asset-33908345,通用,轨道射灯组合,3690mm轨道,通用,高（类型）,SI2:29-34,确认单轨3射灯；纠正旧分类品牌标识,品牌标识,组#291,1,素材库/04_assets/incoming/split-20260925-v2/asset-33908345/selected-20260925-215507/prop-instance.skp,通用/通用_轨道射灯组合_3690mm轨道__asset-33908345.skp,"[3690.0, 205.99, 370.59]",c49243fc98bf05a82c044dd2132a08322871ea055da4b7bb717169174d91276f,c49243fc98bf05a82c044dd2132a08322871ea055da4b7bb717169174d91276f,passed,展陈物料,,88,,,本轮未找到可确认的独立平面符号
37,asset-3356988,非标,L形挡板,银灰圆角_900mm_用途未定,待确认,低（用途）,无明确对应,补看确认银灰L形板件900×390×800；不足以判定为标准台面隔板或其他用途,陈列配件,组#298,2,素材库/04_assets/incoming/split-20260925-v2/asset-3356988/selected-20260925-212258/prop-instance.skp,非标/非标_L形挡板_银灰圆角_900mm_用途未定__asset-3356988.skp,"[900.0, 390.0, 800.0]",3ab4fa84330ef01f3bcf8ea2f8fede05e53dedf64165cabcb75a94745826fd49,3ab4fa84330ef01f3bcf8ea2f8fede05e53dedf64165cabcb75a94745826fd49,passed,展陈物料,,89,,,本轮未找到可确认的独立平面符号
56,asset-24488049,通用,消防栓箱,红色设备箱,通用,高（类型）,无独立软装标准款,箱面消防栓字样，属于设备设施，非软装柜体,消防箱,组#526,1,素材库/04_assets/incoming/split-20260925-v2/asset-24488049/selected-20260925-215248/prop-instance.skp,通用/通用_消防栓箱_红色设备箱__asset-24488049.skp,"[728.91, 221.36, 876.48]",3c2edda438adbcb291ea19e4060950d2612054d2e4b21a67a317561040a1b8c5,3c2edda438adbcb291ea19e4060950d2612054d2e4b21a67a317561040a1b8c5,passed,展陈物料,,90,,,本轮未找到可确认的独立平面符号
