"RelativePath","FileName","Extension","SizeMB","Category","Style","StoreType","ProcessingStatus","Notes"
"README.md","README.md",".md","0","project_doc","","","待分类",""
"docs\architecture.md","architecture.md",".md","0","project_doc","","","待分类",""
"docs\asset-ingestion-plan.md","asset-ingestion-plan.md",".md","0","project_doc","","","待分类",""
"docs\asset-inventory.md","asset-inventory.md",".md","0","project_doc","","","待分类",""
"docs\input-materials.md","input-materials.md",".md","0","project_doc","","","待分类",""
"docs\product-flow.md","product-flow.md",".md","0","project_doc","","","待分类",""
"docs\project-brief.md","project-brief.md",".md","0","project_doc","","","待分类",""
"docs\roadmap.md","roadmap.md",".md","0","project_doc","","","待分类",""
"docs\sample-case-template.md","sample-case-template.md",".md","0","project_doc","","","待分类",""
"各门店图纸\上海TPY中心.pdf","上海TPY中心.pdf",".pdf","14.55","store_drawing","","","待分类",""
"各门店图纸\上海七宝领展授权体验店.pdf","上海七宝领展授权体验店.pdf",".pdf","13.82","store_drawing","","","待分类",""
"各门店图纸\上海万象城授权体验店（边厅）.pdf","上海万象城授权体验店（边厅）.pdf",".pdf","9.26","store_drawing","","","待分类",""
"各门店图纸\上海世博天地授权体验店.pdf","上海世博天地授权体验店.pdf",".pdf","15.27","store_drawing","","","待分类",""
"各门店图纸\上海五角场万达授权体验店.pdf","上海五角场万达授权体验店.pdf",".pdf","12.39","store_drawing","","","待分类",""
"各门店图纸\上海北外滩来福士授权体验店.pdf","上海北外滩来福士授权体验店.pdf",".pdf","17.76","store_drawing","","","待分类",""
"各门店图纸\上海嘉里合集授权专卖店.pdf","上海嘉里合集授权专卖店.pdf",".pdf","7.6","store_drawing","","","待分类",""
"各门店图纸\上海新嘉中心.pdf","上海新嘉中心.pdf",".pdf","17.24","store_drawing","","","待分类",""
"各门店图纸\上海新天地东台里授权体验店.pdf","上海新天地东台里授权体验店.pdf",".pdf","1.32","store_drawing","","","待分类",""
"各门店图纸\上海星光摄影城照材专卖店.pdf","上海星光摄影城照材专卖店.pdf",".pdf","8.16","store_drawing","","","待分类",""
"各门店图纸\上海月星环球港授权体验店.pdf","上海月星环球港授权体验店.pdf",".pdf","9.5","store_drawing","","","待分类",""
"各门店图纸\上海浦东嘉里城授权体验店.pdf","上海浦东嘉里城授权体验店.pdf",".pdf","10.27","store_drawing","","","待分类",""
"各门店图纸\上海港汇恒隆授权体验店.pdf","上海港汇恒隆授权体验店.pdf",".pdf","5.93","store_drawing","","","待分类",""
"各门店图纸\上海环龙商场照材专卖店.pdf","上海环龙商场照材专卖店.pdf",".pdf","36.01","store_drawing","","","待分类",""
"各门店图纸\上海百脑汇照材专卖店.pdf","上海百脑汇照材专卖店.pdf",".pdf","10.6","store_drawing","","","待分类",""
"各门店图纸\上海第一八佰伴授权体验店.pdf","上海第一八佰伴授权体验店.pdf",".pdf","18.02","store_drawing","","","待分类",""
"各门店图纸\上海长宁荟聚授权体验店.pdf","上海长宁荟聚授权体验店.pdf",".pdf","14.5","store_drawing","","","待分类",""
"各门店图纸\上海长宁龙之梦.pdf","上海长宁龙之梦.pdf",".pdf","13.91","store_drawing","","","待分类",""
"各门店图纸\上海闵行凯德梦之龙照材专卖店.pdf","上海闵行凯德梦之龙照材专卖店.pdf",".pdf","6.27","store_drawing","","","待分类",""
"各门店图纸\上海陆家嘴正大广场授权体验店.pdf","上海陆家嘴正大广场授权体验店.pdf",".pdf","19.08","store_drawing","","","待分类",""
"各门店图纸\上海陆家嘴项目（改造）.pdf","上海陆家嘴项目（改造）.pdf",".pdf","12.15","store_drawing","","","待分类",""
"各门店图纸\上海黄埔日月光中心授权体验店.pdf","上海黄埔日月光中心授权体验店.pdf",".pdf","15.69","store_drawing","","","待分类",""
"各门店图纸\上海龙湖宝山天街.pdf","上海龙湖宝山天街.pdf",".pdf","3.82","store_drawing","","","待分类",""
"各门店图纸\上海龙湖闵行天街授权体验店.pdf","上海龙湖闵行天街授权体验店.pdf",".pdf","14.92","store_drawing","","","待分类",""
"各门店图纸\东莞万象滨海购物公园.pdf","东莞万象滨海购物公园.pdf",".pdf","13.15","store_drawing","","","待分类",""
"各门店图纸\东莞悠兰里街区授权专卖店.pdf","东莞悠兰里街区授权专卖店.pdf",".pdf","35.78","store_drawing","","","待分类",""
"各门店图纸\中山大信新都汇授权体验店.pdf","中山大信新都汇授权体验店.pdf",".pdf","7.92","store_drawing","","","待分类",""
"各门店图纸\中山石歧万象汇授权体验店.pdf","中山石歧万象汇授权体验店.pdf",".pdf","13.48","store_drawing","","","待分类",""
"各门店图纸\临沂万象汇.pdf","临沂万象汇.pdf",".pdf","16.49","store_drawing","","","待分类",""
"各门店图纸\临沂百脑汇照材专卖店.pdf","临沂百脑汇照材专卖店.pdf",".pdf","8.43","store_drawing","","","待分类",""
"各门店图纸\乌鲁木齐cc mall授权专卖店.pdf","乌鲁木齐cc mall授权专卖店.pdf",".pdf","4.47","store_drawing","","","待分类",""
"各门店图纸\乌鲁木齐德汇万达（边厅改中岛）.pdf","乌鲁木齐德汇万达（边厅改中岛）.pdf",".pdf","6.11","store_drawing","","","待分类",""
"各门店图纸\乌鲁木齐经开万达授权专卖店.pdf","乌鲁木齐经开万达授权专卖店.pdf",".pdf","9.03","store_drawing","","","待分类",""
"各门店图纸\乌鲁木齐高新万达广场.pdf","乌鲁木齐高新万达广场.pdf",".pdf","9.98","store_drawing","","","待分类",""
"各门店图纸\云南曲靖店中店.pdf","云南曲靖店中店.pdf",".pdf","7.85","store_drawing","","","待分类",""
"各门店图纸\佛山创意产业园授权专卖店.pdf","佛山创意产业园授权专卖店.pdf",".pdf","46.63","store_drawing","","","待分类",""
"各门店图纸\佛山千灯湖环宇城授权体验店.pdf","佛山千灯湖环宇城授权体验店.pdf",".pdf","11.81","store_drawing","","","待分类",""
"各门店图纸\佛山欢乐海岸Plus.pdf","佛山欢乐海岸Plus.pdf",".pdf","36.92","store_drawing","","","待分类",""
"各门店图纸\佛山禅城NOVA岭南站授权体验店.pdf","佛山禅城NOVA岭南站授权体验店.pdf",".pdf","16.89","store_drawing","","","待分类",""
"各门店图纸\佛山禅西环宇城授权体验店.pdf","佛山禅西环宇城授权体验店.pdf",".pdf","13.09","store_drawing","","","待分类",""
"各门店图纸\佛山金铂中心授权体验店.pdf","佛山金铂中心授权体验店.pdf",".pdf","16.36","store_drawing","","","待分类",""
"各门店图纸\佛山顺德万象汇授权体验店.pdf","佛山顺德万象汇授权体验店.pdf",".pdf","17.62","store_drawing","","","待分类",""
"各门店图纸\保定北国先天下授权体验店.pdf","保定北国先天下授权体验店.pdf",".pdf","19.68","store_drawing","","","待分类",""
"各门店图纸\保定爱情广场授权体验店.pdf","保定爱情广场授权体验店.pdf",".pdf","19.16","store_drawing","","","待分类",""
"各门店图纸\保定西大街照材专卖店.pdf","保定西大街照材专卖店.pdf",".pdf","14.65","store_drawing","","","待分类",""
"各门店图纸\兰州万象城授权体验店.pdf","兰州万象城授权体验店.pdf",".pdf","2.86","store_drawing","","","待分类",""
"各门店图纸\兰州苏宁MAX照材专卖店.pdf","兰州苏宁MAX照材专卖店.pdf",".pdf","18.27","store_drawing","","","待分类",""
"各门店图纸\包河万象汇.pdf","包河万象汇.pdf",".pdf","16.98","store_drawing","","","待分类",""
"各门店图纸\北京798创意园授权专卖店.pdf","北京798创意园授权专卖店.pdf",".pdf","9.69","store_drawing","","","待分类",""
"各门店图纸\北京万柳华联授权体验店.pdf","北京万柳华联授权体验店.pdf",".pdf","21.72","store_drawing","","","待分类",""
"各门店图纸\北京三里屯太古里授权体验店.pdf","北京三里屯太古里授权体验店.pdf",".pdf","11.1","store_drawing","","","待分类",""
"各门店图纸\北京东坝万达授权体验店.pdf","北京东坝万达授权体验店.pdf",".pdf","14.49","store_drawing","","","待分类",""
"各门店图纸\北京中关村大融城授权体验店.pdf","北京中关村大融城授权体验店.pdf",".pdf","2.46","store_drawing","","","待分类",""
"各门店图纸\北京五棵松万达授权体验店.pdf","北京五棵松万达授权体验店.pdf",".pdf","15.84","store_drawing","","","待分类",""
"各门店图纸\北京五棵松照材专卖店.pdf","北京五棵松照材专卖店.pdf",".pdf","2.52","store_drawing","","","待分类",""
"各门店图纸\北京亦庄龙湖天街授权体验店.pdf","北京亦庄龙湖天街授权体验店.pdf",".pdf","21.46","store_drawing","","","待分类",""
"各门店图纸\北京合生汇授权体验店.pdf","北京合生汇授权体验店.pdf",".pdf","7.8","store_drawing","","","待分类",""
"各门店图纸\北京悠唐广场授权体验店.pdf","北京悠唐广场授权体验店.pdf",".pdf","8.39","store_drawing","","","待分类",""
"各门店图纸\北京房山熙悦天街授权体验店.pdf","北京房山熙悦天街授权体验店.pdf",".pdf","12.87","store_drawing","","","待分类",""
"各门店图纸\北京望京凯德授权体验店.pdf","北京望京凯德授权体验店.pdf",".pdf","16.61","store_drawing","","","待分类",""
"各门店图纸\北京朝阳大悦城授权体验店（边厅）.pdf","北京朝阳大悦城授权体验店（边厅）.pdf",".pdf","19.46","store_drawing","","","待分类",""
"各门店图纸\北京清河万象汇授权体验店.pdf","北京清河万象汇授权体验店.pdf",".pdf","5.53","store_drawing","","","待分类",""
"各门店图纸\北京王府井银泰IN88授权体验店.pdf","北京王府井银泰IN88授权体验店.pdf",".pdf","14.48","store_drawing","","","待分类",""
"各门店图纸\北京荟聚授权体验店.pdf","北京荟聚授权体验店.pdf",".pdf","15.01","store_drawing","","","待分类",""
"各门店图纸\北京蓝色港湾授权体验店.pdf","北京蓝色港湾授权体验店.pdf",".pdf","20.65","store_drawing","","","待分类",""
"各门店图纸\北京西三旗万象汇授权体验店.pdf","北京西三旗万象汇授权体验店.pdf",".pdf","20.53","store_drawing","","","待分类",""
"各门店图纸\北京西单大悦城授权体验店.pdf","北京西单大悦城授权体验店.pdf",".pdf","21.64","store_drawing","","","待分类",""
"各门店图纸\北京超极合生汇授权体验店.pdf","北京超极合生汇授权体验店.pdf",".pdf","13.4","store_drawing","","","待分类",""
"各门店图纸\北京通州万象汇授权体验店.pdf","北京通州万象汇授权体验店.pdf",".pdf","12.61","store_drawing","","","待分类",""
"各门店图纸\北京顺义华联授权体验店.pdf","北京顺义华联授权体验店.pdf",".pdf","23.22","store_drawing","","","待分类",""
"各门店图纸\北京首都机场T3授权体验店.pdf","北京首都机场T3授权体验店.pdf",".pdf","9.97","store_drawing","","","待分类",""
"各门店图纸\北京马连道照材专区.pdf","北京马连道照材专区.pdf",".pdf","94.12","store_drawing","","","待分类",""
"各门店图纸\北京龙湖丽泽天街授权体验店.pdf","北京龙湖丽泽天街授权体验店.pdf",".pdf","6.1","store_drawing","","","待分类",""
"各门店图纸\华强北电子世界二店.pdf","华强北电子世界二店.pdf",".pdf","27.49","store_drawing","","","待分类",""
"各门店图纸\南京万象天地授权体验店.pdf","南京万象天地授权体验店.pdf",".pdf","10.07","store_drawing","","","待分类",""
"各门店图纸\南京仙林金鹰授权专卖店.pdf","南京仙林金鹰授权专卖店.pdf",".pdf","29.41","store_drawing","","","待分类",""
"各门店图纸\南京华海3c照材专卖店.pdf","南京华海3c照材专卖店.pdf",".pdf","23.7","store_drawing","","","待分类",""
"各门店图纸\南京城北万象汇授权体验店.pdf","南京城北万象汇授权体验店.pdf",".pdf","17.2","store_drawing","","","待分类",""
"各门店图纸\南京德基广场直营店.pdf","南京德基广场直营店.pdf",".pdf","4.37","store_drawing","","","待分类",""
"各门店图纸\南京桥北弘阳广场授权体验店.pdf","南京桥北弘阳广场授权体验店.pdf",".pdf","32.76","store_drawing","","","待分类",""
"各门店图纸\南京江北虹悦城授权体验店.pdf","南京江北虹悦城授权体验店.pdf",".pdf","41.25","store_drawing","","","待分类",""
"各门店图纸\南京金陵天地授权体验店.pdf","南京金陵天地授权体验店.pdf",".pdf","9.46","store_drawing","","","待分类",""
"各门店图纸\南宁万象城.pdf","南宁万象城.pdf",".pdf","10.39","store_drawing","","","待分类",""
"各门店图纸\南宁惠工电子科技城（迁址）.pdf","南宁惠工电子科技城（迁址）.pdf",".pdf","15.36","store_drawing","","","待分类",""
"各门店图纸\南昌T16授权体验店.pdf","南昌T16授权体验店.pdf",".pdf","10.97","store_drawing","","","待分类",""
"各门店图纸\南昌万象城授权体验店.pdf","南昌万象城授权体验店.pdf",".pdf","28.4","store_drawing","","","待分类",""
"各门店图纸\南昌和昌里街区授权专卖店.pdf","南昌和昌里街区授权专卖店.pdf",".pdf","7.94","store_drawing","","","待分类",""
"各门店图纸\南昌武商mall.pdf","南昌武商mall.pdf",".pdf","13.25","store_drawing","","","待分类",""
"各门店图纸\南阳万悦城授权体验店.pdf","南阳万悦城授权体验店.pdf",".pdf","27.37","store_drawing","","","待分类",""
"各门店图纸\印尼Ratu plaza.pdf","印尼Ratu plaza.pdf",".pdf","3.21","store_drawing","","","待分类",""
"各门店图纸\印尼雅加达 kota kasablanka.pdf","印尼雅加达 kota kasablanka.pdf",".pdf","3.33","store_drawing","","","待分类",""
"各门店图纸\厦门SM授权体验店（扩铺）.pdf","厦门SM授权体验店（扩铺）.pdf",".pdf","31.1","store_drawing","","","待分类",""
"各门店图纸\厦门大悦城授权专卖店.pdf","厦门大悦城授权专卖店.pdf",".pdf","7.82","store_drawing","","","待分类",""
"各门店图纸\厦门百脑汇照材专卖店.pdf","厦门百脑汇照材专卖店.pdf",".pdf","29.33","store_drawing","","","待分类",""
"各门店图纸\台湾三创生活（换址）.pdf","台湾三创生活（换址）.pdf",".pdf","40.35","store_drawing","","","待分类",""
"各门店图纸\台湾台中汉神洲际中岛.pdf","台湾台中汉神洲际中岛.pdf",".pdf","10.57","store_drawing","","","待分类",""
"各门店图纸\台湾台南市南纺购物中心.pdf","台湾台南市南纺购物中心.pdf",".pdf","10.48","store_drawing","","","待分类",""
"各门店图纸\台湾新北板桥大远百.pdf","台湾新北板桥大远百.pdf",".pdf","19.69","store_drawing","","","待分类",""
"各门店图纸\台湾新北裕隆城.pdf","台湾新北裕隆城.pdf",".pdf","13.67","store_drawing","","","待分类",""
"各门店图纸\台湾桃园大江国际.pdf","台湾桃园大江国际.pdf",".pdf","13.61","store_drawing","","","待分类",""
"各门店图纸\台湾远东新竹Big City中岛.pdf","台湾远东新竹Big City中岛.pdf",".pdf","9.7","store_drawing","","","待分类",""
"各门店图纸\台湾高雄Nova中岛.pdf","台湾高雄Nova中岛.pdf",".pdf","2.42","store_drawing","","","待分类",""
"各门店图纸\台湾高雄汉神巨蛋中岛.pdf","台湾高雄汉神巨蛋中岛.pdf",".pdf","11.13","store_drawing","","","待分类",""
"各门店图纸\合肥万象城授权体验店.pdf","合肥万象城授权体验店.pdf",".pdf","24.29","store_drawing","","","待分类",""
"各门店图纸\合肥大蜀山半边街授权专卖店.pdf","合肥大蜀山半边街授权专卖店.pdf",".pdf","23.06","store_drawing","","","待分类",""
"各门店图纸\合肥新粮仓授权专卖店.pdf","合肥新粮仓授权专卖店.pdf",".pdf","16.48","store_drawing","","","待分类",""
"各门店图纸\合肥瑶海万象天地授权体验店.pdf","合肥瑶海万象天地授权体验店.pdf",".pdf","31.92","store_drawing","","","待分类",""
"各门店图纸\合肥百脑汇照材专卖店.pdf","合肥百脑汇照材专卖店.pdf",".pdf","14.63","store_drawing","","","待分类",""
"各门店图纸\合肥罍街照材专卖店.pdf","合肥罍街照材专卖店.pdf",".pdf","13.98","store_drawing","","","待分类",""
"各门店图纸\呼和浩特万象城授权体验店.pdf","呼和浩特万象城授权体验店.pdf",".pdf","5.15","store_drawing","","","待分类",""
"各门店图纸\呼和浩特诚信数码广场照材专卖店.pdf","呼和浩特诚信数码广场照材专卖店.pdf",".pdf","15.72","store_drawing","","","待分类",""
"各门店图纸\哈尔滨教化电子大世界照材专卖店.pdf","哈尔滨教化电子大世界照材专卖店.pdf",".pdf","15.03","store_drawing","","","待分类",""
"各门店图纸\哈尔滨松雷广场授权体验店.pdf","哈尔滨松雷广场授权体验店.pdf",".pdf","16.93","store_drawing","","","待分类",""
"各门店图纸\哈尔滨红博授权体验店.pdf","哈尔滨红博授权体验店.pdf",".pdf","23.2","store_drawing","","","待分类",""
"各门店图纸\哈尔滨船舶电子大世界照材专卖店.pdf","哈尔滨船舶电子大世界照材专卖店.pdf",".pdf","14.27","store_drawing","","","待分类",""
"各门店图纸\哈尔滨金安国际授权体验店.pdf","哈尔滨金安国际授权体验店.pdf",".pdf","13.42","store_drawing","","","待分类",""
"各门店图纸\唐山硅谷数码广场照材专卖店.pdf","唐山硅谷数码广场照材专卖店.pdf",".pdf","24.7","store_drawing","","","待分类",""
"各门店图纸\商丘正弘汇授权体验店.pdf","商丘正弘汇授权体验店.pdf",".pdf","22.06","store_drawing","","","待分类",""
"各门店图纸\嘉兴八佰伴授权体验店.pdf","嘉兴八佰伴授权体验店.pdf",".pdf","13.39","store_drawing","","","待分类",""
"各门店图纸\大庆百脑汇照材专卖店.pdf","大庆百脑汇照材专卖店.pdf",".pdf","30.11","store_drawing","","","待分类",""
"各门店图纸\大连东关街授权专卖店.pdf","大连东关街授权专卖店.pdf",".pdf","168.14","store_drawing","","","待分类",""
"各门店图纸\大连中央大道照材专卖店.pdf","大连中央大道照材专卖店.pdf",".pdf","21.79","store_drawing","","","待分类",""
"各门店图纸\大连华南万象汇授权体验店.pdf","大连华南万象汇授权体验店.pdf",".pdf","11.55","store_drawing","","","待分类",""
"各门店图纸\大连奥林匹克照材专卖店.pdf","大连奥林匹克照材专卖店.pdf",".pdf","0.62","store_drawing","","","待分类",""
"各门店图纸\大连柏威年授权体验店.pdf","大连柏威年授权体验店.pdf",".pdf","16.06","store_drawing","","","待分类",""
"各门店图纸\大连罗斯福授权体验店.pdf","大连罗斯福授权体验店.pdf",".pdf","19.87","store_drawing","","","待分类",""
"各门店图纸\天津万象城授权体验店.pdf","天津万象城授权体验店.pdf",".pdf","21.46","store_drawing","","","待分类",""
"各门店图纸\天津南开大悦城授权体验店.pdf","天津南开大悦城授权体验店.pdf",".pdf","10.55","store_drawing","","","待分类",""
"各门店图纸\天津天河城授权体验店.pdf","天津天河城授权体验店.pdf",".pdf","14","store_drawing","","","待分类",""
"各门店图纸\天津梅江天街授权体验店.pdf","天津梅江天街授权体验店.pdf",".pdf","14.62","store_drawing","","","待分类",""
"各门店图纸\天津百脑汇照材专卖店.pdf","天津百脑汇照材专卖店.pdf",".pdf","29.54","store_drawing","","","待分类",""
"各门店图纸\天津西青大悦汇授权体验店.pdf","天津西青大悦汇授权体验店.pdf",".pdf","22.08","store_drawing","","","待分类",""
"各门店图纸\太原万象城授权体验店.pdf","太原万象城授权体验店.pdf",".pdf","19.95","store_drawing","","","待分类",""
"各门店图纸\太原天美新天地授权体验店.pdf","太原天美新天地授权体验店.pdf",".pdf","13.7","store_drawing","","","待分类",""
"各门店图纸\威海威高广场授权体验店.pdf","威海威高广场授权体验店.pdf",".pdf","9.37","store_drawing","","","待分类",""
"各门店图纸\宁波万象城授权体验店（边厅）.pptx","宁波万象城授权体验店（边厅）.pptx",".pptx","13.47","store_drawing","","","待分类",""
"各门店图纸\宁波余姚五彩城授权体验店.pdf","宁波余姚五彩城授权体验店.pdf",".pdf","19.18","store_drawing","","","待分类",""
"各门店图纸\宁波明州里授权专卖店.pdf","宁波明州里授权专卖店.pdf",".pdf","27.52","store_drawing","","","待分类",""
"各门店图纸\宜兴八佰伴.pdf","宜兴八佰伴.pdf",".pdf","16.82","store_drawing","","","待分类",""
"各门店图纸\宜宾万象天地授权体验店.pdf","宜宾万象天地授权体验店.pdf",".pdf","36.21","store_drawing","","","待分类",""
"各门店图纸\宜昌国贸授权体验店.pdf","宜昌国贸授权体验店.pdf",".pdf","13.61","store_drawing","","","待分类",""
"各门店图纸\宝鸡开元商城授权体验店.pdf","宝鸡开元商城授权体验店.pdf",".pdf","15.85","store_drawing","","","待分类",""
"各门店图纸\山东菏泽佳和城授权体验店.pdf","山东菏泽佳和城授权体验店.pdf",".pdf","10.39","store_drawing","","","待分类",""
"各门店图纸\山西临汾生龙国际.pdf","山西临汾生龙国际.pdf",".pdf","15.04","store_drawing","","","待分类",""
"各门店图纸\常州万象城授权体验店（边厅）.pdf","常州万象城授权体验店（边厅）.pdf",".pdf","14.19","store_drawing","","","待分类",""
"各门店图纸\常州武进吾悦授权体验店.pdf","常州武进吾悦授权体验店.pdf",".pdf","9.45","store_drawing","","","待分类",""
"各门店图纸\平顶山丹尼斯照材专卖店.pdf","平顶山丹尼斯照材专卖店.pdf",".pdf","24.63","store_drawing","","","待分类",""
"各门店图纸\广州万民星光城授权体验店.pdf","广州万民星光城授权体验店.pdf",".pdf","23.88","store_drawing","","","待分类",""
"各门店图纸\广州万菱汇授权体验店.pdf","广州万菱汇授权体验店.pdf",".pdf","13.07","store_drawing","","","待分类",""
"各门店图纸\广州保利时光里.pdf","广州保利时光里.pdf",".pdf","10.78","store_drawing","","","待分类",""
"各门店图纸\广州天环广场授权体验店.pdf","广州天环广场授权体验店.pdf",".pdf","9.55","store_drawing","","","待分类",""
"各门店图纸\广州广州塔广场授权体验店.pdf","广州广州塔广场授权体验店.pdf",".pdf","13.79","store_drawing","","","待分类",""
"各门店图纸\广州正佳广场授权体验店.pdf","广州正佳广场授权体验店.pdf",".pdf","15.68","store_drawing","","","待分类",""
"各门店图纸\广州琶洲保利授权体验店.pdf","广州琶洲保利授权体验店.pdf",".pdf","19.07","store_drawing","","","待分类",""
"各门店图纸\广州番禺天河城授权体验店（边厅）.pdf","广州番禺天河城授权体验店（边厅）.pdf",".pdf","19.31","store_drawing","","","待分类",""
"各门店图纸\广州百脑汇照材专卖店.pdf","广州百脑汇照材专卖店.pdf",".pdf","15.05","store_drawing","","","待分类",""
"各门店图纸\广州美林MLIVE天地授权体验店.pdf","广州美林MLIVE天地授权体验店.pdf",".pdf","9.66","store_drawing","","","待分类",""
"各门店图纸\广州融创授权体验店.pdf","广州融创授权体验店.pdf",".pdf","32.82","store_drawing","","","待分类",""
"各门店图纸\徐州中山南路格派照材专卖店.pdf","徐州中山南路格派照材专卖店.pdf",".pdf","6.99","store_drawing","","","待分类",""
"各门店图纸\徐州苏宁授权体验店.pdf","徐州苏宁授权体验店.pdf",".pdf","11.07","store_drawing","","","待分类",""
"各门店图纸\德国汉堡市Saturn店.pdf","德国汉堡市Saturn店.pdf",".pdf","12.94","store_drawing","","","待分类",""
"各门店图纸\恩施星光里购物中心照材店.pdf","恩施星光里购物中心照材店.pdf",".pdf","16.29","store_drawing","","","待分类",""
"各门店图纸\惠州华贸授权体验店.pdf","惠州华贸授权体验店.pdf",".pdf","6.92","store_drawing","","","待分类",""
"各门店图纸\成都A世界照材专卖店.pdf","成都A世界照材专卖店.pdf",".pdf","29.14","store_drawing","","","待分类",""
"各门店图纸\成都万象城授权体验店（边厅）.pdf","成都万象城授权体验店（边厅）.pdf",".pdf","18.72","store_drawing","","","待分类",""
"各门店图纸\成都华凌摄影城照材专卖店.pdf","成都华凌摄影城照材专卖店.pdf",".pdf","12.39","store_drawing","","","待分类",""
"各门店图纸\成都大悦城授权体验店（边厅）.pdf","成都大悦城授权体验店（边厅）.pdf",".pdf","17.05","store_drawing","","","待分类",""
"各门店图纸\成都天府和悦广场授权体验店.pdf","成都天府和悦广场授权体验店.pdf",".pdf","14.92","store_drawing","","","待分类",""
"各门店图纸\成都天府大悦城授权体验店.pdf","成都天府大悦城授权体验店.pdf",".pdf","10.73","store_drawing","","","待分类",""
"各门店图纸\成都天府艺术公园授权专卖店.pdf","成都天府艺术公园授权专卖店.pdf",".pdf","42.88","store_drawing","","","待分类",""
"各门店图纸\成都太古里授权体验店.pdf","成都太古里授权体验店.pdf",".pdf","21.54","store_drawing","","","待分类",""
"各门店图纸\成都数码广场恒驰照材专卖店.pdf","成都数码广场恒驰照材专卖店.pdf",".pdf","13.1","store_drawing","","","待分类",""
"各门店图纸\成都数码广场虎一心照材专卖店.pdf","成都数码广场虎一心照材专卖店.pdf",".pdf","16.9","store_drawing","","","待分类",""
"各门店图纸\成都来福士授权体验店.pdf","成都来福士授权体验店.pdf",".pdf","10.67","store_drawing","","","待分类",""
"各门店图纸\成都滨江天街授权体验店.pdf","成都滨江天街授权体验店.pdf",".pdf","32.3","store_drawing","","","待分类",""
"各门店图纸\成都环球中心授权体验店.pdf","成都环球中心授权体验店.pdf",".pdf","16.49","store_drawing","","","待分类",""
"各门店图纸\成都环球中心授权体验店（2F）.pdf","成都环球中心授权体验店（2F）.pdf",".pdf","16.49","store_drawing","","","待分类",""
"各门店图纸\成都百脑汇照材专卖店.pdf","成都百脑汇照材专卖店.pdf",".pdf","18.19","store_drawing","","","待分类",""
"各门店图纸\成都科华王府井授权体验店.pdf","成都科华王府井授权体验店.pdf",".pdf","27.03","store_drawing","","","待分类",""
"各门店图纸\成都西宸天街授权体验店.pdf","成都西宸天街授权体验店.pdf",".pdf","14.89","store_drawing","","","待分类",""
"各门店图纸\成都西村大院授权专卖店.pdf","成都西村大院授权专卖店.pdf",".pdf","17.48","store_drawing","","","待分类",""
"各门店图纸\成都金楠天街授权体验店.pdf","成都金楠天街授权体验店.pdf",".pdf","12","store_drawing","","","待分类",""
"各门店图纸\成都金牛凯德授权体验店.pdf","成都金牛凯德授权体验店.pdf",".pdf","11.48","store_drawing","","","待分类",""
"各门店图纸\成都龙泉世茂广场授权体验店.pdf","成都龙泉世茂广场授权体验店.pdf",".pdf","11.34","store_drawing","","","待分类",""
"各门店图纸\扬州万象汇授权体验店.pdf","扬州万象汇授权体验店.pdf",".pdf","28.8","store_drawing","","","待分类",""
"各门店图纸\拉萨王府井授权体验店.pdf","拉萨王府井授权体验店.pdf",".pdf","3.5","store_drawing","","","待分类",""
"各门店图纸\新乡大桥照材专卖店.pdf","新乡大桥照材专卖店.pdf",".pdf","12.79","store_drawing","","","待分类",""
"各门店图纸\新乡胖东来授权体验店.pdf","新乡胖东来授权体验店.pdf",".pdf","4.25","store_drawing","","","待分类",""
"各门店图纸\新加坡Jewel中岛.pdf","新加坡Jewel中岛.pdf",".pdf","17.76","store_drawing","","","待分类",""
"各门店图纸\新加坡suntec city.pdf","新加坡suntec city.pdf",".pdf","23.45","store_drawing","","","待分类",""
"各门店图纸\新加坡建店Plaza Singapura.pdf","新加坡建店Plaza Singapura.pdf",".pdf","17.3","store_drawing","","","待分类",""
"各门店图纸\新疆伊犁环球港授权体验店.pdf","新疆伊犁环球港授权体验店.pdf",".pdf","11.66","store_drawing","","","待分类",""
"各门店图纸\新疆克拉玛依市汇嘉时代广场.pdf","新疆克拉玛依市汇嘉时代广场.pdf",".pdf","13.13","store_drawing","","","待分类",""
"各门店图纸\新疆喀什数码街照材店.pdf","新疆喀什数码街照材店.pdf",".pdf","4.04","store_drawing","","","待分类",""
"各门店图纸\新疆宏景数码广场二店.pdf","新疆宏景数码广场二店.pdf",".pdf","15.13","store_drawing","","","待分类",""
"各门店图纸\新疆宏景数码广场授权专卖店.pdf","新疆宏景数码广场授权专卖店.pdf",".pdf","7.46","store_drawing","","","待分类",""
"各门店图纸\新疆石河子万达授权专卖店.pdf","新疆石河子万达授权专卖店.pdf",".pdf","5.77","store_drawing","","","待分类",""
"各门店图纸\无锡百脑汇照材专卖店.pdf","无锡百脑汇照材专卖店.pdf",".pdf","12.48","store_drawing","","","待分类",""
"各门店图纸\无锡荟聚.pdf","无锡荟聚.pdf",".pdf","14.8","store_drawing","","","待分类",""
"各门店图纸\日照万象汇授权体验店.pdf","日照万象汇授权体验店.pdf",".pdf","13.24","store_drawing","","","待分类",""
"各门店图纸\昆山商厦家电市场照材专卖店.pdf","昆山商厦家电市场照材专卖店.pdf",".pdf","21.26","store_drawing","","","待分类",""
"各门店图纸\昆山商厦家电市场照材专卖店（扩店）.pdf","昆山商厦家电市场照材专卖店（扩店）.pdf",".pdf","9.02","store_drawing","","","待分类",""
"各门店图纸\昆明万象城授权体验店.pdf","昆明万象城授权体验店.pdf",".pdf","14.83","store_drawing","","","待分类",""
"各门店图纸\昆明五华吾悦授权体验店.pdf","昆明五华吾悦授权体验店.pdf",".pdf","29.44","store_drawing","","","待分类",""
"各门店图纸\昆明佰腾数码广场照材专卖店.pdf","昆明佰腾数码广场照材专卖店.pdf",".pdf","31.65","store_drawing","","","待分类",""
"各门店图纸\昆明南亚风情第壹城授权体验店.pdf","昆明南亚风情第壹城授权体验店.pdf",".pdf","18.4","store_drawing","","","待分类",""
"各门店图纸\昆明恒隆授权体验店.pdf","昆明恒隆授权体验店.pdf",".pdf","17.59","store_drawing","","","待分类",""
"各门店图纸\昆明顺城授权体验店（边厅）.pdf","昆明顺城授权体验店（边厅）.pdf",".pdf","18.46","store_drawing","","","待分类",""
"各门店图纸\晋江SM授权体验店.pdf","晋江SM授权体验店.pdf",".pdf","18.29","store_drawing","","","待分类",""
"各门店图纸\杭州EFC广场照材专卖店.pdf","杭州EFC广场照材专卖店.pdf",".pdf","2.34","store_drawing","","","待分类",""
"各门店图纸\杭州EIC广场授权专卖店.pdf","杭州EIC广场授权专卖店.pdf",".pdf","14.09","store_drawing","","","待分类",""
"各门店图纸\杭州IN77授权体验店.pdf","杭州IN77授权体验店.pdf",".pdf","8.67","store_drawing","","","待分类",""
"各门店图纸\杭州万象城（迁址）.pdf","杭州万象城（迁址）.pdf",".pdf","14.33","store_drawing","","","待分类",""
"各门店图纸\杭州东部数码港照材专卖店.pdf","杭州东部数码港照材专卖店.pdf",".pdf","19.24","store_drawing","","","待分类",""
"各门店图纸\杭州临平银泰授权体验店.pdf","杭州临平银泰授权体验店.pdf",".pdf","7.87","store_drawing","","","待分类",""
"各门店图纸\杭州亚奥万象天地授权体验店.pdf","杭州亚奥万象天地授权体验店.pdf",".pdf","9.94","store_drawing","","","待分类",""
"各门店图纸\杭州大悦城悦街授权专卖店.pdf","杭州大悦城悦街授权专卖店.pdf",".pdf","32.12","store_drawing","","","待分类",""
"各门店图纸\杭州奥体印象城授权体验店.pdf","杭州奥体印象城授权体验店.pdf",".pdf","19.56","store_drawing","","","待分类",""
"各门店图纸\杭州学院路照材专卖店.pdf","杭州学院路照材专卖店.pdf",".pdf","8.39","store_drawing","","","待分类",""
"各门店图纸\杭州百脑汇照材专卖店.pdf","杭州百脑汇照材专卖店.pdf",".pdf","12.04","store_drawing","","","待分类",""
"各门店图纸\杭州西溪天街授权体验店.rar","杭州西溪天街授权体验店.rar",".rar","11.47","store_drawing","","","待分类",""
"各门店图纸\柳州万象城授权体验店.pdf","柳州万象城授权体验店.pdf",".pdf","10.79","store_drawing","","","待分类",""
"各门店图纸\桂林万象城授权体验店.pdf","桂林万象城授权体验店.pdf",".pdf","7.89","store_drawing","","","待分类",""
"各门店图纸\武昌万象城授权体验店.pdf","武昌万象城授权体验店.pdf",".pdf","20.6","store_drawing","","","待分类",""
"各门店图纸\武汉光谷世界城.pdf","武汉光谷世界城.pdf",".pdf","12.48","store_drawing","","","待分类",""
"各门店图纸\武汉大悦城.pdf","武汉大悦城.pdf",".pdf","14.13","store_drawing","","","待分类",""
"各门店图纸\武汉天地壹方授权体验店（迁址）.pdf","武汉天地壹方授权体验店（迁址）.pdf",".pdf","22.47","store_drawing","","","待分类",""
"各门店图纸\武汉婚纱摄影照材专卖店.pdf","武汉婚纱摄影照材专卖店.pdf",".pdf","11.09","store_drawing","","","待分类",""
"各门店图纸\武汉梦时代授权专卖店.pdf","武汉梦时代授权专卖店.pdf",".pdf","28.47","store_drawing","","","待分类",""
"各门店图纸\武汉武商MALL授权体验店.pdf","武汉武商MALL授权体验店.pdf",".pdf","16.19","store_drawing","","","待分类",""
"各门店图纸\武汉电脑大世界照材专卖店.pdf","武汉电脑大世界照材专卖店.pdf",".pdf","27.34","store_drawing","","","待分类",""
"各门店图纸\武汉荟聚.pdf","武汉荟聚.pdf",".pdf","22.28","store_drawing","","","待分类",""
"各门店图纸\武汉银泰创意城.pdf","武汉银泰创意城.pdf",".pdf","17.32","store_drawing","","","待分类",""
"各门店图纸\武汉销品茂授权体验店.pdf","武汉销品茂授权体验店.pdf",".pdf","15.65","store_drawing","","","待分类",""
"各门店图纸\汕头万象城授权体验店.pdf","汕头万象城授权体验店.pdf",".pdf","14.76","store_drawing","","","待分类",""
"各门店图纸\江西赣州京东授权专区.pdf","江西赣州京东授权专区.pdf",".pdf","26.82","store_drawing","","","待分类",""
"各门店图纸\江门汇悦大融城（迁址）.pdf","江门汇悦大融城（迁址）.pdf",".pdf","11.89","store_drawing","","","待分类",""
"各门店图纸\沈阳三台子万象汇授权体验店.pdf","沈阳三台子万象汇授权体验店.pdf",".pdf","8.61","store_drawing","","","待分类",""
"各门店图纸\沈阳东软科技城照材专卖店.pdf","沈阳东软科技城照材专卖店.pdf",".pdf","10.05","store_drawing","","","待分类",""
"各门店图纸\沈阳中街恒隆授权体验店.pdf","沈阳中街恒隆授权体验店.pdf",".pdf","13.52","store_drawing","","","待分类",""
"各门店图纸\沈阳百脑汇照材专卖店.pdf","沈阳百脑汇照材专卖店.pdf",".pdf","1.37","store_drawing","","","待分类",""
"各门店图纸\沈阳百脑汇照材专卖店二店.pdf","沈阳百脑汇照材专卖店二店.pdf",".pdf","15.46","store_drawing","","","待分类",""
"各门店图纸\沈阳铁西万象汇授权体验店.pdf","沈阳铁西万象汇授权体验店.pdf",".pdf","9.31","store_drawing","","","待分类",""
"各门店图纸\沈阳长白万象汇授权体验店.pdf","沈阳长白万象汇授权体验店.pdf",".pdf","18.22","store_drawing","","","待分类",""
"各门店图纸\泉州浦西万达授权专卖店.pdf","泉州浦西万达授权专卖店.pdf",".pdf","15.61","store_drawing","","","待分类",""
"各门店图纸\泰国Central Phuket.pdf","泰国Central Phuket.pdf",".pdf","17.14","store_drawing","","","待分类",""
"各门店图纸\泰国central westgate.pdf","泰国central westgate.pdf",".pdf","11.1","store_drawing","","","待分类",""
"各门店图纸\泰国Mega Bangna.pdf","泰国Mega Bangna.pdf",".pdf","17.27","store_drawing","","","待分类",""
"各门店图纸\泰国曼谷central world.pdf","泰国曼谷central world.pdf",".pdf","14.29","store_drawing","","","待分类",""
"各门店图纸\泰国曼谷dusit central park.pdf","泰国曼谷dusit central park.pdf",".pdf","10.09","store_drawing","","","待分类",""
"各门店图纸\泰国芭提雅central Pattaya.pdf","泰国芭提雅central Pattaya.pdf",".pdf","12.22","store_drawing","","","待分类",""
"各门店图纸\泰安三源照材专卖店.pdf","泰安三源照材专卖店.pdf",".pdf","13.89","store_drawing","","","待分类",""
"各门店图纸\泰州万象城授权体验店.pdf","泰州万象城授权体验店.pdf",".pdf","10.9","store_drawing","","","待分类",""
"各门店图纸\洛阳大卫天地授权体验店.pdf","洛阳大卫天地授权体验店.pdf",".pdf","40.15","store_drawing","","","待分类",""
"各门店图纸\洛阳王城公园照材专卖店.pdf","洛阳王城公园照材专卖店.pdf",".pdf","3.64","store_drawing","","","待分类",""
"各门店图纸\济南万象城授权体验店（边厅）.pdf","济南万象城授权体验店（边厅）.pdf",".pdf","41.35","store_drawing","","","待分类",""
"各门店图纸\济南华强电子科技照材专卖店.pdf","济南华强电子科技照材专卖店.pdf",".pdf","11.37","store_drawing","","","待分类",""
"各门店图纸\济南恒隆授权体验店.pdf","济南恒隆授权体验店.pdf",".pdf","12.26","store_drawing","","","待分类",""
"各门店图纸\济宁万象汇授权体验店.pdf","济宁万象汇授权体验店.pdf",".pdf","33.81","store_drawing","","","待分类",""
"各门店图纸\海口吾悦广场授权体验店.pptx","海口吾悦广场授权体验店.pptx",".pptx","29","store_drawing","","","待分类",""
"各门店图纸\海口天街授权体验店.pdf","海口天街授权体验店.pdf",".pdf","18.22","store_drawing","","","待分类",""
"各门店图纸\海口远大购物中心授权体验店.pdf","海口远大购物中心授权体验店.pdf",".pdf","23.14","store_drawing","","","待分类",""
"各门店图纸\淄博万象汇授权体验店.pdf","淄博万象汇授权体验店.pdf",".pdf","23.31","store_drawing","","","待分类",""
"各门店图纸\淄博百脑汇照材专卖店.pdf","淄博百脑汇照材专卖店.pdf",".pdf","9.75","store_drawing","","","待分类",""
"各门店图纸\淮安万象城授权体验店.pdf","淮安万象城授权体验店.pdf",".pdf","9.42","store_drawing","","","待分类",""
"各门店图纸\深圳KK ONE授权体验店.rar","深圳KK ONE授权体验店.rar",".rar","11.91","store_drawing","","","待分类",""
"各门店图纸\深圳万丰海岸城授权体验店.pdf","深圳万丰海岸城授权体验店.pdf",".pdf","18.25","store_drawing","","","待分类",""
"各门店图纸\深圳万象前海授权体验店.pdf","深圳万象前海授权体验店.pdf",".pdf","13.47","store_drawing","","","待分类",""
"各门店图纸\深圳光明蓝鲸世界授权体验店.pdf","深圳光明蓝鲸世界授权体验店.pdf",".pdf","30.55","store_drawing","","","待分类",""
"各门店图纸\深圳华发冰雪世界授权体验店.pdf","深圳华发冰雪世界授权体验店.pdf",".pdf","25.5","store_drawing","","","待分类",""
"各门店图纸\深圳华强北改造项目.pdf","深圳华强北改造项目.pdf",".pdf","12.6","store_drawing","","","待分类",""
"各门店图纸\深圳华强北赛格科技园照材专卖店.pdf","深圳华强北赛格科技园照材专卖店.pdf",".pdf","29.29","store_drawing","","","待分类",""
"各门店图纸\深圳华强北（华强一店）.pdf","深圳华强北（华强一店）.pdf",".pdf","8.15","store_drawing","","","待分类",""
"各门店图纸\深圳卓悦中心.pdf","深圳卓悦中心.pdf",".pdf","17.66","store_drawing","","","待分类",""
"各门店图纸\深圳壹方城直营旗舰店.pdf","深圳壹方城直营旗舰店.pdf",".pdf","13.75","store_drawing","","","待分类",""
"各门店图纸\深圳壹方汇直营店.pdf","深圳壹方汇直营店.pdf",".pdf","18.88","store_drawing","","","待分类",""
"各门店图纸\深圳大悦城授权体验店.pdf","深圳大悦城授权体验店.pdf",".pdf","10.96","store_drawing","","","待分类",""
"各门店图纸\深圳宝安大仟里.pdf","深圳宝安大仟里.pdf",".pdf","17.81","store_drawing","","","待分类",""
"各门店图纸\深圳布吉万象汇授权体验店.pdf","深圳布吉万象汇授权体验店.pdf",".pdf","19.48","store_drawing","","","待分类",""
"各门店图纸\深圳新华强照材专卖店.pdf","深圳新华强照材专卖店.pdf",".pdf","15.36","store_drawing","","","待分类",""
"各门店图纸\深圳机场直营店.pdf","深圳机场直营店.pdf",".pdf","2.95","store_drawing","","","待分类",""
"各门店图纸\深圳海岸城授权体验店.pdf","深圳海岸城授权体验店.pdf",".pdf","32.25","store_drawing","","","待分类",""
"各门店图纸\深圳海雅缤纷城.pdf","深圳海雅缤纷城.pdf",".pdf","38.42","store_drawing","","","待分类",""
"各门店图纸\深圳深业上城授权体验店.pdf","深圳深业上城授权体验店.pdf",".pdf","15.86","store_drawing","","","待分类",""
"各门店图纸\深圳福田COCOPARK授权体验店.pdf","深圳福田COCOPARK授权体验店.pdf",".pdf","14.56","store_drawing","","","待分类",""
"各门店图纸\深圳福田中航城君尚.pdf","深圳福田中航城君尚.pdf",".pdf","22.15","store_drawing","","","待分类",""
"各门店图纸\深圳福田卓悦汇授权体验店.pdf","深圳福田卓悦汇授权体验店.pdf",".pdf","15.34","store_drawing","","","待分类",""
"各门店图纸\深圳罗湖万象城授权体验店.pdf","深圳罗湖万象城授权体验店.pdf",".pdf","16.44","store_drawing","","","待分类",""
"各门店图纸\深圳罗湖金光华.pdf","深圳罗湖金光华.pdf",".pdf","14.64","store_drawing","","","待分类",""
"各门店图纸\深圳龙华天虹授权体验店.pdf","深圳龙华天虹授权体验店.pdf",".pdf","19.35","store_drawing","","","待分类",""
"各门店图纸\温州万象城授权体验店.pdf","温州万象城授权体验店.pdf",".pdf","8.34","store_drawing","","","待分类",""
"各门店图纸\温州开太百货照材专卖店.pdf","温州开太百货照材专卖店.pdf",".pdf","12.81","store_drawing","","","待分类",""
"各门店图纸\温州滨江万象城授权体验店.pdf","温州滨江万象城授权体验店.pdf",".pdf","7.25","store_drawing","","","待分类",""
"各门店图纸\湖南摄影城照材专卖店.pdf","湖南摄影城照材专卖店.pdf",".pdf","5.36","store_drawing","","","待分类",""
"各门店图纸\潍坊泰华城新天地.pdf","潍坊泰华城新天地.pdf",".pdf","16.34","store_drawing","","","待分类",""
"各门店图纸\潍坊益家园照材专卖店.pdf","潍坊益家园照材专卖店.pdf",".pdf","21.97","store_drawing","","","待分类",""
"各门店图纸\澳门威尼斯人.pdf","澳门威尼斯人.pdf",".pdf","16.56","store_drawing","","","待分类",""
"各门店图纸\烟台振华商厦授权体验店.pdf","烟台振华商厦授权体验店.pdf",".pdf","23.76","store_drawing","","","待分类",""
"各门店图纸\珠海万象汇授权体验店.pdf","珠海万象汇授权体验店.pdf",".pdf","13.23","store_drawing","","","待分类",""
"各门店图纸\珠海华发商都授权体验店.pdf","珠海华发商都授权体验店.pdf",".pdf","8.47","store_drawing","","","待分类",""
"各门店图纸\盐城聚龙湖金鹰授权体验店.pdf","盐城聚龙湖金鹰授权体验店.pdf",".pdf","16.01","store_drawing","","","待分类",""
"各门店图纸\石家庄万象城授权体验店.pdf","石家庄万象城授权体验店.pdf",".pdf","31.55","store_drawing","","","待分类",""
"各门店图纸\石家庄太和电子城照材专卖店.pdf","石家庄太和电子城照材专卖店.pdf",".pdf","8.42","store_drawing","","","待分类",""
"各门店图纸\石家庄织音1953授权专卖店.pdf","石家庄织音1953授权专卖店.pdf",".pdf","11.63","store_drawing","","","待分类",""
"各门店图纸\福州万象城授权体验店.pdf","福州万象城授权体验店.pdf",".pdf","21.19","store_drawing","","","待分类",""
"各门店图纸\福州东二泰禾（换铺）.pdf","福州东二泰禾（换铺）.pdf",".pdf","26.5","store_drawing","","","待分类",""
"各门店图纸\福州中骏世界城授权体验店.pdf","福州中骏世界城授权体验店.pdf",".pdf","12.08","store_drawing","","","待分类",""
"各门店图纸\福州大利嘉城照材专卖店.pdf","福州大利嘉城照材专卖店.pdf",".pdf","19.65","store_drawing","","","待分类",""
"各门店图纸\福州烟台山授权体验店.pdf","福州烟台山授权体验店.pdf",".pdf","41.9","store_drawing","","","待分类",""
"各门店图纸\福建龙岩万宝授权体验店.pdf","福建龙岩万宝授权体验店.pdf",".pdf","19.86","store_drawing","","","待分类",""
"各门店图纸\秦皇岛茂业天地授权体验店.pdf","秦皇岛茂业天地授权体验店.pdf",".pdf","13.73","store_drawing","","","待分类",""
"各门店图纸\绍兴金帝银泰城迁址边厅.pdf","绍兴金帝银泰城迁址边厅.pdf",".pdf","13.64","store_drawing","","","待分类",""
"各门店图纸\绵阳数码广场照材专卖店.pdf","绵阳数码广场照材专卖店.pdf",".pdf","29.05","store_drawing","","","待分类",""
"各门店图纸\聊城万达照材专卖店.pdf","聊城万达照材专卖店.pdf",".pdf","7.93","store_drawing","","","待分类",""
"各门店图纸\芜湖银泰inpark.pdf","芜湖银泰inpark.pdf",".pdf","15.4","store_drawing","","","待分类",""
"各门店图纸\苏州东吴天街授权体验店.pdf","苏州东吴天街授权体验店.pdf",".pdf","25.15","store_drawing","","","待分类",""
"各门店图纸\苏州中心授权体验店.pdf","苏州中心授权体验店.pdf",".pdf","17.07","store_drawing","","","待分类",""
"各门店图纸\苏州人民商场照材专卖店.pdf","苏州人民商场照材专卖店.pdf",".pdf","19.36","store_drawing","","","待分类",""
"各门店图纸\苏州吴江万象汇授权体验店.pdf","苏州吴江万象汇授权体验店.pdf",".pdf","11.69","store_drawing","","","待分类",""
"各门店图纸\苏州昆山万象汇授权体验店.pdf","苏州昆山万象汇授权体验店.pdf",".pdf","25.6","store_drawing","","","待分类",""
"各门店图纸\英国westfield中岛.pdf","英国westfield中岛.pdf",".pdf","2.22","store_drawing","","","待分类",""
"各门店图纸\茂名东荟城授权体验店.pdf","茂名东荟城授权体验店.pdf",".pdf","14.85","store_drawing","","","待分类",""
"各门店图纸\莆田万象汇.pdf","莆田万象汇.pdf",".pdf","13.84","store_drawing","","","待分类",""
"各门店图纸\菲律宾 SM Aura.pdf","菲律宾 SM Aura.pdf",".pdf","8.36","store_drawing","","","待分类",""
"各门店图纸\菲律宾 SM City Grand Central.pdf","菲律宾 SM City Grand Central.pdf",".pdf","8.88","store_drawing","","","待分类",""
"各门店图纸\菲律宾Festival mall 边厅.pdf","菲律宾Festival mall 边厅.pdf",".pdf","23.43","store_drawing","","","待分类",""
"各门店图纸\菲律宾MOA（换址).pdf","菲律宾MOA（换址).pdf",".pdf","9.71","store_drawing","","","待分类",""
"各门店图纸\菲律宾ONE Ayala.pdf","菲律宾ONE Ayala.pdf",".pdf","2.48","store_drawing","","","待分类",""
"各门店图纸\菲律宾Robinsons Place Manila.pdf","菲律宾Robinsons Place Manila.pdf",".pdf","16.82","store_drawing","","","待分类",""
"各门店图纸\菲律宾SM City Clark 中岛.pdf","菲律宾SM City Clark 中岛.pdf",".pdf","6.06","store_drawing","","","待分类",""
"各门店图纸\菲律宾SM City Dasmarinas 中岛.pdf","菲律宾SM City Dasmarinas 中岛.pdf",".pdf","10.05","store_drawing","","","待分类",""
"各门店图纸\菲律宾SM City Davao边厅.pdf","菲律宾SM City Davao边厅.pdf",".pdf","24.95","store_drawing","","","待分类",""
"各门店图纸\菲律宾SM City Fairview.pdf","菲律宾SM City Fairview.pdf",".pdf","33.91","store_drawing","","","待分类",""
"各门店图纸\菲律宾SM City La Union.pdf","菲律宾SM City La Union.pdf",".pdf","25.15","store_drawing","","","待分类",""
"各门店图纸\菲律宾SM City Pampanga 中岛.pdf","菲律宾SM City Pampanga 中岛.pdf",".pdf","9.38","store_drawing","","","待分类",""
"各门店图纸\菲律宾SM City San Pablo.pdf","菲律宾SM City San Pablo.pdf",".pdf","19.2","store_drawing","","","待分类",""
"各门店图纸\菲律宾SM Megamall 边厅.pdf","菲律宾SM Megamall 边厅.pdf",".pdf","2.94","store_drawing","","","待分类",""
"各门店图纸\菲律宾SM North EDSA.pdf","菲律宾SM North EDSA.pdf",".pdf","11.07","store_drawing","","","待分类",""
"各门店图纸\菲律宾SM South mall.pdf","菲律宾SM South mall.pdf",".pdf","11.23","store_drawing","","","待分类",""
"各门店图纸\西宁王府井授权体验店.pdf","西宁王府井授权体验店.pdf",".pdf","21.4","store_drawing","","","待分类",""
"各门店图纸\西安DT51授权体验店.pdf","西安DT51授权体验店.pdf",".pdf","21.92","store_drawing","","","待分类",""
"各门店图纸\西安SKP授权体验店.pdf","西安SKP授权体验店.pdf",".pdf","13.56","store_drawing","","","待分类",""
"各门店图纸\西安万象城授权体验店.pdf","西安万象城授权体验店.pdf",".pdf","14.1","store_drawing","","","待分类",""
"各门店图纸\西安东新科贸照材专卖店.pdf","西安东新科贸照材专卖店.pdf",".pdf","12.93","store_drawing","","","待分类",""
"各门店图纸\西安北部赛格广场照材专卖店.pdf","西安北部赛格广场照材专卖店.pdf",".pdf","7.88","store_drawing","","","待分类",""
"各门店图纸\西安开元商场.pdf","西安开元商场.pdf",".pdf","11.44","store_drawing","","","待分类",""
"各门店图纸\西安曲江创意谷授权体验店.pdf","西安曲江创意谷授权体验店.pdf",".pdf","12.99","store_drawing","","","待分类",""
"各门店图纸\西安百瑞未来城照材专卖店.pdf","西安百瑞未来城照材专卖店.pdf",".pdf","14.52","store_drawing","","","待分类",""
"各门店图纸\西安百脑汇照材专卖店.pdf","西安百脑汇照材专卖店.pdf",".pdf","1.78","store_drawing","","","待分类",""
"各门店图纸\西安荟聚授权体验店.pdf","西安荟聚授权体验店.pdf",".pdf","26.57","store_drawing","","","待分类",""
"各门店图纸\西安赛格授权体验店（边厅）.pdf","西安赛格授权体验店（边厅）.pdf",".pdf","17.67","store_drawing","","","待分类",""
"各门店图纸\西安鹏博大厦照材专卖店.pdf","西安鹏博大厦照材专卖店.pdf",".pdf","13.57","store_drawing","","","待分类",""
"各门店图纸\西安龙湖长乐天街授权体验店.pdf","西安龙湖长乐天街授权体验店.pdf",".pdf","14.09","store_drawing","","","待分类",""
"各门店图纸\西安龙首印象城授权体验店.pdf","西安龙首印象城授权体验店.pdf",".pdf","16.44","store_drawing","","","待分类",""
"各门店图纸\贵阳万象城授权体验店.pdf","贵阳万象城授权体验店.pdf",".pdf","13.26","store_drawing","","","待分类",""
"各门店图纸\贵阳中华南路照材专卖店.pdf","贵阳中华南路照材专卖店.pdf",".pdf","18.15","store_drawing","","","待分类",""
"各门店图纸\贵阳新大陆数码广场照材专卖店.pdf","贵阳新大陆数码广场照材专卖店.pdf",".pdf","6.25","store_drawing","","","待分类",""
"各门店图纸\赣州万象城授权体验店.pdf","赣州万象城授权体验店.pdf",".pdf","12.82","store_drawing","","","待分类",""
"各门店图纸\赤峰商厦照材专卖店.pdf","赤峰商厦照材专卖店.pdf",".pdf","7.91","store_drawing","","","待分类",""
"各门店图纸\遵义吾悦广场授权体验店.pdf","遵义吾悦广场授权体验店.pdf",".pdf","11","store_drawing","","","待分类",""
"各门店图纸\邯郸万象汇授权体验店.pdf","邯郸万象汇授权体验店.pdf",".pdf","15.27","store_drawing","","","待分类",""
"各门店图纸\郑州东万象城授权体验店.pdf","郑州东万象城授权体验店.pdf",".pdf","15.34","store_drawing","","","待分类",""
"各门店图纸\郑州信万广场授权专卖店.pdf","郑州信万广场授权专卖店.pdf",".pdf","19.53","store_drawing","","","待分类",""
"各门店图纸\郑州大卫城授权体验店.pdf","郑州大卫城授权体验店.pdf",".pdf","17.64","store_drawing","","","待分类",""
"各门店图纸\郑州探十里授权专卖店.pdf","郑州探十里授权专卖店.pdf",".pdf","17.84","store_drawing","","","待分类",""
"各门店图纸\郑州智汇城照材专卖店.rar","郑州智汇城照材专卖店.rar",".rar","11.53","store_drawing","","","待分类",""
"各门店图纸\郑州正弘汇授权体验店（边厅）.pdf","郑州正弘汇授权体验店（边厅）.pdf",".pdf","21.42","store_drawing","","","待分类",""
"各门店图纸\郑州赛博数码港照材专卖店.pdf","郑州赛博数码港照材专卖店.pdf",".pdf","24.81","store_drawing","","","待分类",""
"各门店图纸\郑州金融岛授权体验店.pdf","郑州金融岛授权体验店.pdf",".pdf","31.1","store_drawing","","","待分类",""
"各门店图纸\郴州解放路照材专卖店.pdf","郴州解放路照材专卖店.pdf",".pdf","15.96","store_drawing","","","待分类",""
"各门店图纸\鄂尔多斯金峰电子城照材专卖店.pdf","鄂尔多斯金峰电子城照材专卖店.pdf",".pdf","19.39","store_drawing","","","待分类",""
"各门店图纸\重庆万象城.pdf","重庆万象城.pdf",".pdf","13.55","store_drawing","","","待分类",""
"各门店图纸\重庆光环花园城.pdf","重庆光环花园城.pdf",".pdf","17.94","store_drawing","","","待分类",""
"各门店图纸\重庆光环购物广场.pdf","重庆光环购物广场.pdf",".pdf","9.77","store_drawing","","","待分类",""
"各门店图纸\重庆北城天街授权体验店.pdf","重庆北城天街授权体验店.pdf",".pdf","13.34","store_drawing","","","待分类",""
"各门店图纸\重庆国泰广场授权专卖店（边厅）.pdf","重庆国泰广场授权专卖店（边厅）.pdf",".pdf","16.11","store_drawing","","","待分类",""
"各门店图纸\重庆大悦城授权体验店.pdf","重庆大悦城授权体验店.pdf",".pdf","8.94","store_drawing","","","待分类",""
"各门店图纸\重庆时代天街授权体验店.pdf","重庆时代天街授权体验店.pdf",".pdf","11.53","store_drawing","","","待分类",""
"各门店图纸\重庆来福士授权体验店.pdf","重庆来福士授权体验店.pdf",".pdf","12.11","store_drawing","","","待分类",""
"各门店图纸\重庆百脑汇照材专卖店.pdf","重庆百脑汇照材专卖店.pdf",".pdf","15.93","store_drawing","","","待分类",""
"各门店图纸\重庆石桥铺赛博数码广场照材店.pdf","重庆石桥铺赛博数码广场照材店.pdf",".pdf","16.58","store_drawing","","","待分类",""
"各门店图纸\重庆观音桥赛博数码广场照材专卖店.pdf","重庆观音桥赛博数码广场照材专卖店.pdf",".pdf","6.09","store_drawing","","","待分类",""
"各门店图纸\重庆龙湖U城天街.pdf","重庆龙湖U城天街.pdf",".pdf","18.22","store_drawing","","","待分类",""
"各门店图纸\重庆龙湖江岸天街.pdf","重庆龙湖江岸天街.pdf",".pdf","15.13","store_drawing","","","待分类",""
"各门店图纸\重庆龙湖金沙天街授权体验店.pdf","重庆龙湖金沙天街授权体验店.pdf",".pdf","18.78","store_drawing","","","待分类",""
"各门店图纸\金华永盛授权体验店.pdf","金华永盛授权体验店.pdf",".pdf","8.6","store_drawing","","","待分类",""
"各门店图纸\银川新华百货CCMALL授权体验店.pdf","银川新华百货CCMALL授权体验店.pdf",".pdf","15.12","store_drawing","","","待分类",""
"各门店图纸\银川阅彩城授权体验店.pdf","银川阅彩城授权体验店.pdf",".pdf","9.05","store_drawing","","","待分类",""
"各门店图纸\长春万象城授权体验店.pdf","长春万象城授权体验店.pdf",".pdf","9.42","store_drawing","","","待分类",""
"各门店图纸\长春百脑汇照材专卖店.pdf","长春百脑汇照材专卖店.pdf",".pdf","15.29","store_drawing","","","待分类",""
"各门店图纸\长沙IFS授权体验店.pdf","长沙IFS授权体验店.pdf",".pdf","14.67","store_drawing","","","待分类",""
"各门店图纸\长沙万象城授权体验店（边厅）.pdf","长沙万象城授权体验店（边厅）.pdf",".pdf","21.83","store_drawing","","","待分类",""
"各门店图纸\长沙星城天地授权体验店.pdf","长沙星城天地授权体验店.pdf",".pdf","32.68","store_drawing","","","待分类",""
"各门店图纸\长沙永旺梦乐城授权体验店.pdf","长沙永旺梦乐城授权体验店.pdf",".pdf","15.08","store_drawing","","","待分类",""
"各门店图纸\长沙科佳电脑城照材专卖店.pdf","长沙科佳电脑城照材专卖店.pdf",".pdf","25.62","store_drawing","","","待分类",""
"各门店图纸\长沙荟聚授权体验店.pdf","长沙荟聚授权体验店.pdf",".pdf","19.08","store_drawing","","","待分类",""
"各门店图纸\长沙高桥数码广场照材专卖店.pdf","长沙高桥数码广场照材专卖店.pdf",".pdf","10.45","store_drawing","","","待分类",""
"各门店图纸\青岛万象城.pdf","青岛万象城.pdf",".pdf","17.07","store_drawing","","","待分类",""
"各门店图纸\青岛凯德MALL授权体验店.pdf","青岛凯德MALL授权体验店.pdf",".pdf","23.1","store_drawing","","","待分类",""
"各门店图纸\青岛城阳万象汇授权体验店.pdf","青岛城阳万象汇授权体验店.pdf",".pdf","9.48","store_drawing","","","待分类",""
"各门店图纸\青岛崂山万象汇授权体验店.pdf","青岛崂山万象汇授权体验店.pdf",".pdf","28.24","store_drawing","","","待分类",""
"各门店图纸\青岛永旺梦乐城.pdf","青岛永旺梦乐城.pdf",".pdf","12.22","store_drawing","","","待分类",""
"各门店图纸\青岛海信广场授权体验店.pdf","青岛海信广场授权体验店.pdf",".pdf","12.43","store_drawing","","","待分类",""
"各门店图纸\青岛百脑汇照材专卖店.pdf","青岛百脑汇照材专卖店.pdf",".pdf","23.07","store_drawing","","","待分类",""
"各门店图纸\韩国galleria光教店-광교점.pdf","韩国galleria光教店-광교점.pdf",".pdf","29.83","store_drawing","","","待分类",""
"各门店图纸\韩国乐天百货蚕室店- 롯데잠실점.pdf","韩国乐天百货蚕室店- 롯데잠실점.pdf",".pdf","3.15","store_drawing","","","待分类",""
"各门店图纸\韩国新世界大田店-신세계대전점.pdf","韩国新世界大田店-신세계대전점.pdf",".pdf","34.89","store_drawing","","","待分类",""
"各门店图纸\韩国现代百货忠清店-현대충청점.pdf","韩国现代百货忠清店-현대충청점.pdf",".pdf","28.5","store_drawing","","","待分类",""
"各门店图纸\韩国现代百货新村店-현대신촌점.pdf","韩国现代百货新村店-현대신촌점.pdf",".pdf","16.85","store_drawing","","","待分类",""
"各门店图纸\韩国现代百货板桥店-현대판교점.pdf","韩国现代百货板桥店-현대판교점.pdf",".pdf","20.9","store_drawing","","","待分类",""
"各门店图纸\韩国现代百货蔚山店-현대울산점.pdf","韩国现代百货蔚山店-현대울산점.pdf",".pdf","22.36","store_drawing","","","待分类",""
"各门店图纸\韩国釜山乐天百货-롯데 부산본점.pdf","韩国釜山乐天百货-롯데 부산본점.pdf",".pdf","7.86","store_drawing","","","待分类",""
"各门店图纸\韩国首尔江南旗舰店-도산점.pdf","韩国首尔江南旗舰店-도산점.pdf",".pdf","3.16","store_drawing","","","待分类",""
"各门店图纸\香港旺角郎豪坊.pdf","香港旺角郎豪坊.pdf",".pdf","13.38","store_drawing","","","待分类",""
"各门店图纸\香港油尖旺柏丽大道街边店.pdf","香港油尖旺柏丽大道街边店.pdf",".pdf","45.17","store_drawing","","","待分类",""
"各门店图纸\香港铜锣湾百德新街.pdf","香港铜锣湾百德新街.pdf",".pdf","21.82","store_drawing","","","待分类",""
"各门店图纸\马来西亚1Utama Shopping Center.pdf","马来西亚1Utama Shopping Center.pdf",".pdf","20.63","store_drawing","","","待分类",""
"各门店图纸\马来西亚Gurney Plaza.pdf","马来西亚Gurney Plaza.pdf",".pdf","1.46","store_drawing","","","待分类",""
"各门店图纸\马来西亚IOI Citymall中岛店.pdf","马来西亚IOI Citymall中岛店.pdf",".pdf","7.11","store_drawing","","","待分类",""
"各门店图纸\马来西亚IOI Damasara边厅.pdf","马来西亚IOI Damasara边厅.pdf",".pdf","32.92","store_drawing","","","待分类",""
"各门店图纸\马来西亚Pavilion Bukit Jalil.pdf","马来西亚Pavilion Bukit Jalil.pdf",".pdf","23.16","store_drawing","","","待分类",""
"各门店图纸\马来西亚Pavilion Damansara Heights.pdf","马来西亚Pavilion Damansara Heights.pdf",".pdf","5.2","store_drawing","","","待分类",""
"各门店图纸\马来西亚Pavilion KL.pdf","马来西亚Pavilion KL.pdf",".pdf","7.47","store_drawing","","","待分类",""
"道具模型\影石通用模型.skp","影石通用模型.skp",".skp","1109.37","prop_model","","","待分类",""
